file	entry	name	rarity	tier	source	flags	decision	proposed_value	proposed_source	notes
skill	1	Water Stream Crushing Rock	5.9	Epic	One Punch Man					
skill	2	Intermediate Cooking	2.3	Uncommon	Generic					
skill	3	Iaijutsu	3.4	Rare	Generic					
skill	4	Intermediate Acting	2.4	Uncommon	Generic					
skill	5	Intermediate Shooting	2.2	Uncommon	Generic					
skill	6	Intermediate Hand-to-Hand Combat	2.5	Uncommon	Generic					
skill	7	Intermediate Programming	2.1	Uncommon	Generic	REF				
skill	8	Intermediate Mechanics	2.2	Uncommon	Generic					
skill	9	Intermediate Biology	2.6	Uncommon	Generic					
skill	10	Intermediate Physics	2.7	Uncommon	Generic					
skill	11	Intermediate Chemistry	2.5	Uncommon	Generic					
skill	12	Intermediate Math	2.8	Uncommon	Generic					
skill	13	Intermediate Blacksmithing	2.0	Uncommon	Generic					
skill	14	Intermediate Teaching	2.0	Uncommon	Generic					
skill	15	Intermediate Blade Weapon Mastery	2.3	Uncommon	Generic					
skill	16	Intermediate Blunt Weapon Mastery	2.1	Uncommon	Generic					
skill	17	Intermediate Polearm Mastery	2.6	Uncommon	Generic					
skill	18	Intermediate Item Construction	3.3	Rare	Generic					
skill	19	Polar Channel Flow - Cellular Overdrive	3.5	Rare	Generic	REF				
skill	20	All Life Eradication Fist	8.4	Divine	One Punch Man	REF				
skill	21	Spear of Untraceable Trajectory	6.7	Legendary	Everyone Else is a Returnee	REF				
skill	22	Nanaya Assassination Arts	4.7	Elite	Tsukihime					
skill	23	Whirlwind Iron Cutting Fist	5.6	Epic	One Punch Man					
skill	24	Backflipping	0.2	Trash	Generic					
skill	25	Water Breathing	3.1	Rare	Demon Slayer					
skill	26	Fire Breathing	3.3	Rare	Demon Slayer					
skill	27	Wind Breathing	3.8	Rare	Demon Slayer					
skill	28	Thunder Breathing	4.0	Elite	Demon Slayer					
skill	29	Sun Breathing	4.4	Elite	Demon Slayer					
skill	30	Intermediate Kama Sutra	2.2	Uncommon	Generic					
skill	31	Intermediate Taming	2.1	Uncommon	Generic					
skill	32	Intermediate Pressure Points	3.8	Rare	Generic	REF				
skill	33	Intermediate Massage	2.5	Uncommon	Generic					
skill	34	Divine Gaming	7.0	Mythical	Generic					
skill	35	Intermediate Driving	1.8	Common	Generic					
skill	36	Intermediate Leadership	2.7	Uncommon	Generic					
skill	37	Intermediate Charisma	3.8	Rare	Generic					
skill	38	Throwing	2.2	Uncommon	Generic					
skill	39	Intermediate Medicine	2.9	Uncommon	Generic					
skill	40	Kung Fu	2.5	Uncommon	Generic					
skill	41	Bajiquan	3.5	Rare	Generic					
skill	42	Taekwondo	3.7	Rare	Generic					
skill	43	Renewal Taekwondo	6.6	Legendary	God of High School	REF				
skill	44	Karate	2.4	Uncommon	Generic					
skill	45	Suppression	4.0	Elite	Generic	REF				
skill	46	Krav Maga	2.6	Uncommon	Generic					
skill	47	Muay Thai	2.9	Uncommon	Generic					
skill	48	Intimidation	3.3	Rare	Generic					
skill	49	Novice Cooking	1.3	Common	Generic					
skill	50	Wilderness Survival	2.4	Uncommon	Generic					
skill	51	Novice Acting	1.4	Common	Generic					
skill	52	Novice Shooting	1.6	Common	Generic					
skill	53	Novice Hand-to-Hand Combat	1.5	Common	Generic					
skill	54	Novice Programming	1.4	Common	Generic					
skill	55	Novice Mechanics	1.1	Common	Generic					
skill	56	Novice Biology	1.1	Common	Generic					
skill	57	Novice Physics	1.6	Common	Generic	REF				
skill	58	Novice Chemistry	1.4	Common	Generic					
skill	59	Novice Math	1.5	Common	Generic					
skill	60	Novice Blacksmithing	1.7	Common	Generic					
skill	61	Novice Teaching	1.8	Common	Generic					
skill	62	Novice Blade Weapon Mastery	1.9	Common	Generic					
skill	63	Novice Blunt Weapon Mastery	1.5	Common	Generic					
skill	64	Novice Polearm Mastery	1.8	Common	Generic					
skill	65	Novice Item Construction	2.1	Uncommon	Generic	REF				
skill	66	Novice Kama Sutra	1.5	Common	Generic					
skill	67	Novice Taming	1.1	Common	Generic					
skill	68	Novice Massage	1.2	Common	Generic					
skill	69	Novice Driving	1.1	Common	Generic					
skill	70	Novice Leadership	2.4	Uncommon	Generic					
skill	71	Novice Charisma	1.9	Common	Generic					
skill	72	Novice Medicine	1.5	Common	Generic					
skill	73	Adept Cooking	3.3	Rare	Generic					
skill	74	Literacy	2.2	Uncommon	Generic	REF				
skill	75	Adept Acting	3.4	Rare	Generic					
skill	76	Adept Shooting	3.5	Rare	Generic					
skill	77	Adept Hand-to-Hand Combat	3.6	Rare	Generic					
skill	78	Adept Programming	3.1	Rare	Generic					
skill	79	Adept Mechanics	3.2	Rare	Generic					
skill	80	Adept Biology	3.6	Rare	Generic					
skill	81	Adept Physics	3.8	Rare	Generic					
skill	82	Adept Chemistry	3.7	Rare	Generic					
skill	83	Adept Math	3.9	Rare	Generic					
skill	84	Adept Blacksmithing	3.4	Rare	Generic					
skill	85	Adept Teaching	3.2	Rare	Generic	REF				
skill	86	Adept Blade Weapon Mastery	3.5	Rare	Generic					
skill	87	Adept Blunt Weapon Mastery	3.2	Rare	Generic					
skill	88	Adept Polearm Mastery	3.4	Rare	Generic					
skill	89	Adept Item Construction	4.9	Elite	Generic					
skill	90	Adept Kama Sutra	3.3	Rare	Generic					
skill	91	Adept Taming	3.1	Rare	Generic					
skill	92	Adept Massage	3.6	Rare	Generic					
skill	93	Adept Driving	3.0	Rare	Generic					
skill	94	Adept Leadership	4.2	Elite	Generic					
skill	95	Adept Charisma	4.4	Elite	Generic					
skill	96	Adept Medicine	4.1	Elite	Generic					
skill	97	Expert Cooking	4.4	Elite	Generic					
skill	98	Grooming	1.9	Common	Generic	REF				
skill	99	Expert Acting	4.4	Elite	Generic					
skill	100	Expert Shooting	4.6	Elite	Generic					
skill	101	Expert Hand-to-Hand Combat	4.5	Elite	Generic					
skill	102	Expert Programming	4.1	Elite	Generic					
skill	103	Expert Mechanics	4.2	Elite	Generic					
skill	104	Expert Biology	4.1	Elite	Generic					
skill	105	Expert Physics	4.6	Elite	Generic					
skill	106	Expert Chemistry	4.4	Elite	Generic					
skill	107	Expert Math	4.9	Elite	Generic					
skill	108	Expert Blacksmithing	5.2	Epic	Generic					
skill	109	Expert Teaching	4.8	Elite	Generic					
skill	110	Expert Blade Weapon Mastery	4.9	Elite	Generic					
skill	111	Expert Blunt Weapon Mastery	4.6	Elite	Generic					
skill	112	Expert Polearm Mastery	4.8	Elite	Generic					
skill	113	Expert Item Construction	5.7	Epic	Generic					
skill	114	Expert Kama Sutra	4.5	Elite	Generic					
skill	115	Expert Taming	4.1	Elite	Generic					
skill	116	Expert Massage	4.0	Elite	Generic					
skill	117	Expert Driving	4.0	Elite	Generic					
skill	118	Expert Leadership	5.3	Epic	Generic					
skill	119	Expert Charisma	5.2	Epic	Generic					
skill	120	Expert Medicine	4.9	Elite	Generic					
skill	121	Master Cooking	5.6	Epic	Generic					
skill	122	Makeup	1.2	Common	Generic					
skill	123	Master Acting	5.2	Epic	Generic					
skill	124	Master Shooting	5.3	Epic	Generic	REF				
skill	125	Master Hand-to-Hand Combat	5.5	Epic	Generic					
skill	126	Master Programming	5.7	Epic	Generic					
skill	127	Master Mechanics	5.8	Epic	Generic					
skill	128	Master Biology	6.0	Legendary	Generic					
skill	129	Master Physics	6.3	Legendary	Generic					
skill	130	Master Chemistry	6.1	Legendary	Generic					
skill	131	Master Math	6.1	Legendary	Generic					
skill	132	Master Blacksmithing	5.9	Epic	Generic	REF				
skill	133	Master Teaching	5.8	Epic	Generic					
skill	134	Master Blade Weapon Mastery	5.9	Epic	Generic	REF				
skill	135	Master Blunt Weapon Mastery	5.7	Epic	Generic					
skill	136	Master Polearm Mastery	5.8	Epic	Generic					
skill	137	Master Item Construction	6.3	Legendary	Generic					
skill	138	Master Kama Sutra	6.5	Legendary	Generic					
skill	139	Master Taming	5.1	Epic	Generic					
skill	140	Master Massage	5.5	Epic	Generic					
skill	141	Master Driving	5.0	Epic	Generic					
skill	142	Master Leadership	5.8	Epic	Generic					
skill	143	Master Charisma	5.6	Epic	Generic					
skill	144	Master Medicine	5.7	Epic	Generic					
skill	145	Grandmaster Cooking	6.6	Legendary	Generic					
skill	146	Grandmaster Shooting	6.3	Legendary	Generic					
skill	147	Grandmaster Hand-to-Hand Combat	6.5	Legendary	Generic	REF				
skill	148	Grandmaster Programming	6.9	Legendary	Generic					
skill	149	Grandmaster Mechanics	6.7	Legendary	Generic					
skill	150	Grandmaster Biology	7.0	Mythical	Generic	REF				
skill	151	Grandmaster Physics	7.3	Mythical	Generic					
skill	152	Grandmaster Chemistry	7.1	Mythical	Generic					
skill	153	Grandmaster Math	7.2	Mythical	Generic					
skill	154	Grandmaster Blacksmithing	6.9	Legendary	Generic					
skill	155	Grandmaster Teaching	6.8	Legendary	Generic					
skill	156	Grandmaster Blade Weapon Mastery	6.9	Legendary	Generic					
skill	157	Grandmaster Blunt Weapon Mastery	6.9	Legendary	Generic					
skill	158	Grandmaster Polearm Mastery	6.8	Legendary	Generic					
skill	159	Grandmaster Item Construction	6.7	Legendary	Generic					
skill	160	Grandmaster Leadership	6.4	Legendary	Generic					
skill	161	Grandmaster Medicine	6.5	Legendary	Generic					
skill	162	Divine Cooking	7.3	Mythical	Generic					
skill	163	Divine Shooting	7.4	Mythical	Generic					
skill	164	Divine Hand-to-Hand Combat	7.7	Mythical	Generic					
skill	165	Divine Programming	7.6	Mythical	Generic					
skill	166	Divine Mechanics	7.5	Mythical	Generic					
skill	167	Principle of Life	8.1	Divine	Generic					
skill	168	Principle of Law	8.5	Divine	Generic					
skill	169	Principle of Matter	8.2	Divine	Generic					
skill	170	Divine Formula	8.0	Divine	DxD	REF				
skill	171	Divine Blacksmithing	7.8	Mythical	Generic					
skill	172	Divine Teaching	7.2	Mythical	Generic					
skill	173	Divine Blade Weapon Mastery	7.8	Mythical	Generic					
skill	174	Divine Polearm Mastery	7.8	Mythical	Generic					
skill	175	Divine Blunt Weapon Mastery	7.8	Mythical	Generic					
skill	176	Divine Item Construction	7.9	Mythical	Generic					
skill	177	Divine Leadership	7.4	Mythical	Generic					
skill	178	Divine Charisma	7.9	Mythical	Generic					
skill	179	Divine Medicine	7.5	Mythical	Generic					
skill	180	Novice Interfacing	1.4	Common	Generic					
skill	181	Intermediate Interfacing	2.3	Uncommon	Generic					
skill	182	Adept Interfacing	3.4	Rare	Generic					
skill	183	Expert Interfacing	4.3	Elite	Generic					
skill	184	Master Interfacing	5.8	Epic	Generic					
skill	185	Novice Savoir Faire	1.8	Common	Generic					
skill	186	Intermediate Savoir Faire	2.7	Uncommon	Generic					
skill	187	Adept Savoir Faire	3.8	Rare	Generic					
skill	188	Expert Savoir Faire	4.9	Elite	Generic					
skill	189	Master Savoir Faire	5.9	Epic	Generic					
skill	190	Novice Stealth	1.4	Common	Generic					
skill	191	Intermediate Stealth	2.4	Uncommon	Generic					
skill	192	Adept Stealth	3.6	Rare	Generic					
skill	193	Expert Stealth	4.7	Elite	Generic					
skill	194	Master Stealth	5.8	Epic	Generic	REF				
skill	195	Jack of All Trades	3.2	Rare	Generic					
skill	196	Queen of All Trades	4.6	Elite	Generic					
skill	197	King of All Trades	5.1	Epic	Generic					
skill	198	Ace of All Trades	6.2	Legendary	Generic					
skill	199	Calligraphy	0.8	Trash	Generic					
skill	200	Meditation	2.5	Uncommon	Generic					
skill	201	Etiquette	1.0	Common	Generic					
skill	202	Swimming	1.1	Common	Generic					
skill	203	Novice Performance	1.0	Common	Generic					
skill	204	Intermediate Performance	2.1	Uncommon	Generic					
skill	205	Adept Performance	3.2	Rare	Generic					
skill	206	Expert Performance	4.1	Elite	Generic					
skill	207	Master Performance	5.6	Epic	Generic					
skill	208	Novice Management	1.6	Common	Generic					
skill	209	Intermediate Management	2.6	Uncommon	Generic					
skill	210	Adept Management	3.7	Rare	Generic					
skill	211	Expert Management	4.6	Elite	Generic					
skill	212	Master Management	5.8	Epic	Generic					
skill	213	Novice Discipline	1.2	Common	Generic					
skill	214	Intermediate Discipline	2.5	Uncommon	Generic					
skill	215	Adept Discipline	3.6	Rare	Generic					
skill	216	Expert Discipline	4.8	Elite	Generic					
skill	217	Master Discipline	6.0	Legendary	Generic					
skill	218	Rokushiki	5.0	Epic	One Piece	REF				
skill	219	Caryll Runecraft	4.2	Elite	Bloodborne	REF				
skill	220	Novice Conceptualization	1.9	Common	Generic					
skill	221	Intermediate Conceptualization	2.9	Uncommon	Generic					
skill	222	Adept Conceptualization	3.9	Rare	Generic					
skill	223	Expert Conceptualization	4.8	Elite	Generic					
skill	224	Master Conceptualization	6.2	Legendary	Generic					
skill	225	Divine Conceptualization	9.0	Transcendent	Generic					
skill	226	Soma's Winemaking	5.1	Epic	Danmachi					
skill	227	Quickening	4.7	Elite	Bloodborne					
skill	228	Edna Mode	3.8	Rare	Incredibles					
skill	229	Salt Distillation	0.1	Trash	Generic	REF				
skill	230	Prana Bindu	4.8	Elite	Dune	REF				
skill	231	Novice Communication	1.2	Common	Generic					
skill	232	Intermediate Communication	2.3	Uncommon	Generic					
skill	233	Adept Communication	3.6	Rare	Generic					
skill	234	Expert Communication	4.6	Elite	Generic					
skill	235	Master Communication	5.2	Epic	Generic					
skill	236	Novice Persuasion	1.9	Common	Generic					
skill	237	Intermediate Persuasion	2.7	Uncommon	Generic					
skill	238	Adept Persuasion	3.9	Rare	Generic					
skill	239	Expert Persuasion	4.8	Elite	Generic					
skill	240	Master Persuasion	6.2	Legendary	Generic					
skill	241	Novice Ninjutsu	2.0	Uncommon	Generic					
skill	242	Intermediate Ninjutsu	3.8	Rare	Generic					
skill	243	Adept Ninjutsu	4.5	Elite	Generic					
skill	244	Expert Ninjutsu	5.2	Epic	Generic					
skill	245	Master Ninjutsu	6.4	Legendary	Generic					
skill	246	Mixology	1.8	Common	Generic					
skill	247	Begging	2.4	Uncommon	Generic	REF				
skill	248	Architecture	1.8	Common	Generic					
skill	249	Litigation	2.5	Uncommon	Generic	REF				
skill	250	Gooning	2.3	Uncommon	Generic	REF				
skill	251	Cosplayer	2.3	Uncommon	Generic					
skill	252	Servitude	2.8	Uncommon	Generic					
skill	253	Aura Farming	2.1	Uncommon	Generic	REF				
skill	254	Fishman Karate	5.0	Epic	One Piece	REF				
skill	255	Clowning Around	1.1	Common	Generic					
skill	256	Novice Spycraft	2.1	Uncommon	Generic					
skill	257	Intermediate Spycraft	3.4	Rare	Generic					
skill	258	Adept Spycraft	4.6	Elite	Generic					
skill	259	Expert Spycraft	5.3	Epic	Generic					
skill	260	Master Spycraft	6.2	Legendary	Generic					
skill	261	Stylist	1.7	Common	Generic					
skill	262	Cheer	3.1	Rare	Generic					
skill	263	Novice Fine Arts	1.4	Common	Generic					
skill	264	Intermediate Fine Arts	2.4	Uncommon	Generic					
skill	265	Adept Fine Arts	3.2	Rare	Generic					
skill	266	Expert Fine Arts	4.5	Elite	Generic					
skill	267	Master Fine Arts	5.4	Epic	Generic					
skill	268	Farming	1.9	Common	Generic					
skill	269	Sign Language	0.8	Trash	Generic					
skill	270	Mental Image Blocking	1.9	Common	Batman					
skill	271	Mind Control Resistance	3.1	Rare	Batman					
skill	272	Army Breaker	4.1	Elite	Strike it Rich	REF				
skill	273	Kaiwan Style	5.2	Epic	Kengan Ashura	REF				
skill	274	The Niko Style	6.1	Legendary	Kengan Ashura	REF				
skill	275	Possessing Spirit	3.1	Rare	Kengan Ashura	REF				
skill	276	Kaolan Style	4.7	Elite	Kengan Ashura					
skill	277	Lingshu Chin Na	3.0	Rare	Kengan Ashura					
skill	278	Kujin Style	2.7	Uncommon	Kengan Ashura					
skill	279	Martial Foresight	4.1	Elite	Kengan Ashura					
skill	280	Novice Arms Mastery	2.9	Uncommon	Generic					
skill	281	Intermediate Arms Mastery	3.9	Rare	Generic					
skill	282	Adept Arms Mastery	4.9	Elite	Generic					
skill	283	Expert Arms Mastery	5.9	Epic	Generic					
skill	284	Master Arms Mastery	6.9	Legendary	Generic					
skill	285	Novice Total Concentration Breathing	2.4	Uncommon	Demon Slayer					
skill	286	Intermediate Total Concentration Breathing	3.6	Rare	Demon Slayer					
skill	287	Adept Total Concentration Breathing	4.4	Elite	Demon Slayer					
skill	288	Expert Total Concentration Breathing	5.3	Epic	Demon Slayer					
skill	289	Pre-Initiative	5.4	Epic	Kengan Ashura					
skill	290	Reduced Earth	3.4	Rare	Fate					
skill	291	Ryu's Shotokan	5.7	Epic	Street Fighter					
skill	292	Akuma's Shotokan	6.2	Legendary	Street Fighter					
skill	293	The Shotokan	6.3	Legendary	Street Fighter					
skill	294	Master Total Concentration Breathing	6.1	Legendary	Demon Slayer					
skill	295	Dapping	0.2	Trash	Generic	REF				
skill	296	Boggart's Boiling Brilliance	1.4	Common	Elden Ring	REF				
skill	297	Hacking	2.5	Uncommon	Generic	REF				
skill	298	Crying	0.5	Trash	Generic	REF				
skill	299	Judging	2.7	Uncommon	Generic	REF				
skill	300	Commerce	2.5	Uncommon	Generic					
skill	301	Tax Evasion	1.0	Common	Generic	REF				
skill	302	Kidnapping	1.8	Common	Generic	REF				
trait	1	Nothing Wrong Here	4.1	Elite	Generic					
trait	2	Efficient Physique	2.7	Uncommon	Generic					
trait	3	Hygienic	1.9	Common	Generic					
trait	4	Digestive Expulsion Independence	0.5	Trash	Generic					
trait	5	Blind Eye	1.1	Common	Generic					
trait	6	What's Monogamy	3.0	Rare	Generic	REF				
trait	7	Antibody	2.7	Uncommon	Generic					
trait	8	Longevity	4.5	Elite	Generic					
trait	9	Devil's Advocate	3.4	Rare	Generic					
trait	10	Cardboard World	2.5	Uncommon	Generic					
trait	11	Photosynthesis	3.5	Rare	Generic					
trait	12	Enhanced Stamina	2.2	Uncommon	Generic					
trait	13	Terrifying Presence	3.6	Rare	Generic					
trait	14	Battle Continuation	4.6	Elite	Generic					
trait	15	Mountman	2.5	Uncommon	Generic					
trait	16	Magic Resistance	4.5	Elite	Generic					
trait	17	Energy Acceleration	4.4	Elite	Generic					
trait	18	Headpat	2.2	Uncommon	Generic					
trait	19	Greater Headpat	3.5	Rare	Generic					
trait	20	Efficient Cells	3.9	Rare	Generic					
trait	21	Protection From Arrows	4.2	Elite	Generic					
trait	22	Blessing of Fae	5.6	Epic	Generic					
trait	23	Golden Rule	3.7	Rare	Generic					
trait	24	Hero's Reward	3.8	Rare	Generic	REF				
trait	25	Reward Assurance	2.2	Uncommon	Generic					
trait	26	In Shining Armor	2.8	Uncommon	Generic	REF				
trait	27	Winner's Rights	3.4	Rare	Generic					
trait	28	Kakyoin's Gift	2.5	Uncommon	Generic					
trait	29	King of Disco	2.2	Uncommon	Generic					
trait	30	Mmmm Milk	3.8	Rare	Generic					
trait	31	Animal Lover	1.9	Common	Generic					
trait	32	Taming Specialist	2.6	Uncommon	Generic					
trait	33	Bitch Breaker	2.9	Uncommon	Generic	REF				
trait	34	Sunshine Charm	2.4	Uncommon	Generic					
trait	35	Bad Boy/Girl Charm	2.4	Uncommon	Generic					
trait	36	I Know a Guy	5.0	Epic	Generic					
trait	37	Serene Grace	3.4	Rare	Generic					
trait	38	Voice	3.1	Rare	Generic					
trait	39	Tough Skin	2.2	Uncommon	Generic					
trait	40	Fire Resistance	3.5	Rare	Generic					
trait	41	Water Resistance	3.2	Rare	Generic					
trait	42	Air Resistance	3.6	Rare	Generic					
trait	43	Lightning Resistance	3.5	Rare	Generic					
trait	44	Earth Resistance	3.0	Rare	Generic					
trait	45	Ice Resistance	3.3	Rare	Generic					
trait	46	Thermal Balance	3.9	Rare	Generic					
trait	47	Disney Princess	4.0	Elite	Generic					
trait	48	Sartorial Savant	1.2	Common	Generic					
trait	49	Quantum Disentanglement	4.6	Elite	Generic					
trait	50	Linguist	2.3	Uncommon	Generic					
trait	51	Silent Steps	2.1	Uncommon	Generic					
trait	52	Counter Curse Mantra	3.5	Rare	Generic					
trait	53	Chameleon	2.8	Uncommon	Generic					
trait	54	Perfumer	1.2	Common	Generic					
trait	55	Magpie's Eye	2.4	Uncommon	Generic					
trait	56	Iron Palate	3.1	Rare	Generic					
trait	57	Prophecy	6.7	Legendary	Generic					
trait	58	Winner Takes All	5.0	Epic	Generic					
trait	59	Natural Scent	2.4	Uncommon	Generic					
trait	60	Poisonous	0.2	Trash	Generic					
trait	61	Venomous	2.8	Uncommon	Generic					
trait	62	Iron Man	2.4	Uncommon	Generic					
trait	63	Shiver	3.4	Rare	Disco Elysium					
trait	64	Inland Empire	4.1	Elite	Disco Elysium					
trait	65	Half Light	2.2	Uncommon	Disco Elysium					
trait	66	Volition	4.6	Elite	Disco Elysium					
trait	67	Raphael Ambrosius Costeau	2.6	Uncommon	Disco Elysium					
trait	68	Blood Pack	1.4	Common	Generic					
trait	69	Steady	3.9	Rare	Generic					
trait	70	Empathy	2.7	Uncommon	Generic					
trait	71	Receptive Body	2.8	Uncommon	Generic					
trait	72	White Mage	3.6	Rare	Generic					
trait	73	Endbringer Physiology	8.3	Divine	Worm					
trait	74	Healthy	1.5	Common	Generic					
trait	75	Cardio	1.3	Common	Generic					
trait	76	Nimble	1.6	Common	Generic					
trait	77	Durable	1.7	Common	Generic					
trait	78	Strong	1.8	Common	Generic					
trait	79	Reservoir	2.8	Uncommon	Generic					
trait	80	Breathless	2.1	Uncommon	Generic					
trait	81	Red Tear	3.5	Rare	Generic					
trait	82	Blue Tear	3.4	Rare	Generic					
trait	83	Magician	4.1	Elite	Generic					
trait	84	Pugilist	4.4	Elite	Generic					
trait	85	Esper	4.3	Elite	Generic					
trait	86	Poseidon's Kiss	2.1	Uncommon	Generic					
trait	87	Tinker	3.5	Rare	Generic					
trait	88	Hacker	2.1	Uncommon	Generic					
trait	89	Empath	3.4	Rare	Generic					
trait	90	Grand Mage	7.7	Mythical	Generic					
trait	91	Master Pugilist	7.5	Mythical	Generic					
trait	92	Esgod	7.4	Mythical	Generic					
trait	93	Tinker Supreme	7.9	Mythical	Generic					
trait	94	Gambler	4.3	Elite	Generic					
trait	95	Lady Killer	2.8	Uncommon	Generic					
trait	96	Charming Smile	1.3	Common	Generic					
trait	97	Minty Breath	0.2	Trash	Generic					
trait	98	Loveable Pervert	2.2	Uncommon	Generic	REF				
trait	99	Iron Fist	2.1	Uncommon	Generic					
trait	100	High Specs	6.4	Legendary	Generic					
trait	101	Child Friendly	1.8	Common	Generic					
trait	102	Fast Reflexes	2.1	Uncommon	Generic					
trait	103	Reactive Precognition	4.3	Elite	Generic					
trait	104	Mysterious Stranger	3.3	Rare	Generic	REF				
trait	105	Iron Skeleton	3.5	Rare	Generic					
trait	106	Tough Claws	2.5	Uncommon	Generic					
trait	107	Iron Nerves	2.8	Uncommon	Generic					
trait	108	Smell the Magic	3.4	Rare	Generic					
trait	109	One Size Fits All	1.0	Common	Generic	REF				
trait	110	Salt Detection	0.1	Trash	Generic					
trait	111	Commander	3.6	Rare	Generic					
trait	112	Healing... Fluids	3.7	Rare	Generic	REF				
trait	113	Blessed Child	3.5	Rare	Generic					
trait	114	Undeniable	3.9	Rare	Generic					
trait	115	Aware	3.2	Rare	Generic					
trait	116	Avian Ally	2.5	Uncommon	Generic					
trait	117	Thick Skin	2.1	Uncommon	Generic					
trait	118	Strong Legs	2.4	Uncommon	Generic					
trait	119	Pyromaniac	4.8	Elite	Generic					
trait	120	Cryonist	3.4	Rare	Generic					
trait	121	Nature's Child	3.2	Rare	Generic					
trait	122	Mind Palace	6.2	Legendary	Generic					
trait	123	Polymath	4.4	Elite	Generic					
trait	124	Talented	3.7	Rare	Generic					
trait	125	Persuasive	2.6	Uncommon	Generic					
trait	126	Manager	2.7	Uncommon	Generic					
trait	127	Thinker	4.8	Elite	Generic					
trait	128	Dramatic Tumbleweed	0.3	Trash	Generic					
trait	129	Herbalist	2.1	Uncommon	Generic					
trait	130	Feline Friend	2.9	Uncommon	Generic					
trait	131	Sexual Calibration	2.3	Uncommon	Generic					
trait	132	Golden Shot	1.3	Common	Generic					
trait	133	Ygdar Orus Li Ox	4.9	Elite	Generic					
trait	134	Hero Candidate	3.3	Rare	Generic					
trait	135	Demon Scion	3.6	Rare	Generic					
trait	136	Goth Magnet	2.4	Uncommon	Generic					
trait	137	Background NPC	2.6	Uncommon	Generic					
trait	138	Untraceable	3.8	Rare	Generic					
trait	139	The Favorite	5.7	Epic	Generic					
trait	140	Ex Nihilo	5.0	Epic	Generic					
trait	141	Peerless	3.6	Rare	Generic	REF				
trait	142	Helltaker	3.3	Rare	Generic					
trait	143	Heaventaker	3.5	Rare	Generic					
trait	144	Denied from Oblivion	6.4	Legendary	Generic					
trait	145	Curse Devouring Physique	4.2	Elite	Generic					
trait	146	Mysticism	3.2	Rare	Generic					
trait	147	Hyper Reflexive	4.6	Elite	Generic					
trait	148	Surging Magic Power	4.9	Elite	Generic					
trait	149	Nine Lives	7.0	Mythical	Generic					
trait	150	Scholar	2.1	Uncommon	Generic					
trait	151	Winterman	2.6	Uncommon	Generic					
trait	152	Constant	5.3	Epic	Generic					
trait	153	Master Rider	4.2	Elite	Generic					
trait	154	Dragon Rider	4.4	Elite	Generic					
trait	155	My Master	3.2	Rare	Generic					
trait	156	Corrupting	3.7	Rare	Generic					
trait	157	Pacifism	2.4	Uncommon	Generic					
trait	158	Gym Nut	3.7	Rare	Generic					
trait	159	Fireborn	6.7	Legendary	Generic					
trait	160	High Capacity	5.3	Epic	Generic					
trait	161	Immutable	3.9	Rare	Generic					
trait	162	Ice Monarch	7.2	Mythical	Generic					
trait	163	Fire Monarch	7.3	Mythical	Generic					
trait	164	Earth Monarch	7.4	Mythical	Generic					
trait	165	Sea Monarch	7.1	Mythical	Generic					
trait	166	Sky Monarch	7.9	Mythical	Generic					
trait	167	Hero	4.5	Elite	Generic					
trait	168	Free Bird	3.6	Rare	Generic					
trait	169	Relentless Stamina	4.3	Elite	Generic					
trait	170	Cat's Feet	2.0	Uncommon	Generic					
trait	171	Cuddle King	2.1	Uncommon	Generic					
trait	172	Eagle Eyes	2.2	Uncommon	Generic					
trait	173	Bloodhound	2.8	Uncommon	Generic					
trait	174	Sharp Hearing	2.5	Uncommon	Generic					
trait	175	Soft Hugger	2.6	Uncommon	Generic					
trait	176	Boundless Stamina	4.4	Elite	Generic					
trait	177	Lucky Sukebe	2.3	Uncommon	Generic					
trait	178	Spirit Affinity	3.0	Rare	Generic					
trait	179	Immortal Soul	4.9	Elite	Generic					
trait	180	Last Stand	3.5	Rare	Generic					
trait	181	Lord Death of Murder Mountain	4.5	Elite	Generic					
trait	182	Enhanced Strength	2.5	Uncommon	Generic					
trait	183	Enhanced Agility	2.8	Uncommon	Generic					
trait	184	Enhanced Vitality	2.4	Uncommon	Generic					
trait	185	Enhanced Endurance	2.6	Uncommon	Generic					
trait	186	Dexterous	3.1	Rare	Generic					
trait	187	Vengeful	4.2	Elite	Generic					
trait	188	Masochism	4.5	Elite	Generic					
trait	189	Demon Lord	4.4	Elite	Generic					
trait	190	Item Warranty	3.5	Rare	Generic					
trait	191	Hero Time	4.7	Elite	Generic					
trait	192	In Time of Need	4.0	Elite	Generic					
trait	193	Seamster	2.3	Uncommon	Generic					
trait	194	Wrath Made Manifest	6.6	Legendary	Generic					
trait	195	Pride King	6.6	Legendary	Generic					
trait	196	Gluttonous Abyss	6.6	Legendary	Generic					
trait	197	Free Flier	1.6	Common	Generic					
trait	198	Stable	2.6	Uncommon	Generic					
trait	199	Zenkai Boost	5.6	Epic	Generic					
trait	200	Black Heart	6.3	Legendary	Solo Leveling					
trait	201	Energy Heart	5.8	Epic	Generic					
trait	202	Mana Substitution	4.0	Elite	Generic					
trait	203	Iron Mind	3.3	Rare	Generic					
trait	204	Bloodless	2.2	Uncommon	Generic					
trait	205	Bloodbank	2.7	Uncommon	Generic					
trait	206	Eternal Bleed	4.2	Elite	Generic					
trait	207	Living Nightmare	5.7	Epic	Generic					
trait	208	Lord of Fear	6.6	Legendary	Generic					
trait	209	Necromancer	4.0	Elite	Generic					
trait	210	Plaguemaster	4.2	Elite	Generic					
trait	211	Shapesmith	4.8	Elite	Generic					
trait	212	Non-Binding Clause	5.3	Epic	Generic	REF				
trait	213	Lil' Hercules	5.5	Epic	Generic					
trait	214	Peak Specimen	5.4	Epic	Generic					
trait	215	Ancestry	4.7	Elite	Generic					
trait	216	Chutzpah	3.3	Rare	Generic					
trait	217	Sisyphean	6.0	Legendary	Generic					
trait	218	Magic Well	4.2	Elite	Generic					
trait	219	Big Battery	3.5	Rare	Generic					
trait	220	Dragon Core	7.0	Mythical	Generic					
trait	221	Energy Abyss	7.6	Mythical	Generic	REF				
trait	222	Lord of Magic	7.2	Mythical	Generic					
trait	223	Warlord	7.3	Mythical	Generic					
trait	224	Demigod	6.0	Legendary	Generic					
trait	225	Untired	5.8	Epic	Generic					
trait	226	Infinite Stamina	6.8	Legendary	Generic					
trait	227	Recoilless	5.1	Epic	Generic					
trait	228	Your Majesty	4.6	Elite	Generic					
trait	229	Rivalry	3.3	Rare	Generic					
trait	230	Demon God	8.1	Divine	Generic					
trait	231	Wanted	4.8	Elite	Generic					
trait	232	Quest Marker	4.5	Elite	Generic					
trait	233	Pretty Privilidge	2.6	Uncommon	Generic					
trait	234	Lese Majeste	3.2	Rare	Generic					
trait	235	Lovers	3.3	Rare	Generic					
trait	236	Charming Eyes	1.6	Common	Generic					
trait	237	Precise	3.6	Rare	Generic					
trait	238	Exact	4.5	Elite	Generic					
trait	239	Chronolog	1.7	Common	Generic					
trait	240	Post Mortem	4.5	Elite	Generic					
trait	241	Infinite Money Glitch	6.9	Legendary	Generic	REF				
trait	242	Magic Circuits	4.8	Elite	Fate/Tsukihime					
trait	243	Nature's Embrace	4.2	Elite	Generic					
trait	244	Nature's Chosen	5.7	Epic	Generic					
trait	245	Hamon	4.3	Elite	JoJo					
trait	246	Gaia's Child	6.8	Legendary	Generic					
trait	247	Heavy Weapons Guy	3.7	Rare	Generic	REF				
trait	248	Superconductor	4.6	Elite	Generic					
trait	249	Earthbound Ancient	6.2	Legendary	Generic					
trait	250	Grounded	4.4	Elite	Generic					
trait	251	Skyward	4.2	Elite	Generic					
trait	252	Electric Sheep	3.6	Rare	Generic					
trait	253	Flexible	1.7	Common	Generic					
trait	254	Demon King	5.6	Epic	Generic					
trait	255	True Hero	5.8	Epic	Generic					
trait	256	Chosen Champion	7.7	Mythical	Generic					
trait	257	Alluring Whisper	2.8	Uncommon	Generic					
trait	258	Charisma	2.5	Uncommon	Generic					
trait	259	Sensual Presence	3.6	Rare	Generic	REF				
trait	260	Harem Lord	2.7	Uncommon	Generic					
trait	261	Harem King	3.3	Rare	Generic					
trait	262	Camaraderie	3.1	Rare	Generic					
trait	263	Trustable Face	2.7	Uncommon	Generic					
trait	264	Large Pockets	2.6	Uncommon	Generic					
trait	265	Conflict Drive	4.7	Elite	Generic					
trait	266	Challenge DLC	4.0	Elite	Generic					
trait	267	Relationship Tracker DLC	2.5	Uncommon	Generic					
trait	268	The Real Weapon	3.6	Rare	Generic					
trait	269	One with the Blade	4.8	Elite	Generic					
trait	270	Caveman	2.5	Uncommon	Generic					
trait	271	Void Childe	3.4	Rare	Generic					
trait	272	Father Time	7.2	Mythical	Generic					
trait	273	Shub's Favor	4.8	Elite	Generic					
trait	274	Yog's Blessing	4.6	Elite	Generic					
trait	275	Carnal Engine	2.7	Uncommon	Generic					
trait	276	Four Leaf Clover	2.7	Uncommon	Generic					
trait	277	Rabbits Foot	3.7	Rare	Generic					
trait	278	21 Leaf Clover	4.7	Elite	Generic					
trait	279	Fortune's Lover	5.7	Epic	Generic					
trait	280	Hellsing	4.6	Elite	Generic					
trait	281	Marksman	3.7	Rare	Generic					
trait	282	Rebellion	4.0	Elite	Generic					
trait	283	Child of Artemis	4.7	Elite	Generic					
trait	284	Master of Arms	5.3	Epic	Generic					
trait	285	Qualified	4.8	Elite	Generic					
trait	286	Innocuous	3.1	Rare	Generic					
trait	287	Sharing Is Caring	4.2	Elite	Generic					
trait	288	Lucifer's Child	3.6	Rare	Generic					
trait	289	Nothing Strange	2.5	Uncommon	Generic					
trait	290	Common Sense	3.3	Rare	Generic					
trait	291	Lethal Charm	4.0	Elite	Generic					
trait	292	Titan Crusher	8.5	Divine	Generic					
trait	293	Motivational Speaker	3.6	Rare	Generic					
trait	294	Blessing of Isis	4.7	Elite	Generic					
trait	295	Blessing of Durga	4.0	Elite	Generic					
trait	296	Blessing of Amaterasu	4.8	Elite	Generic					
trait	297	Blessing of Izanami	4.7	Elite	Generic					
trait	298	Blessing of Hestia	3.2	Rare	Generic					
trait	299	Blessing of Bast	2.7	Uncommon	Generic					
trait	300	Fertility Calibration	2.2	Uncommon	Generic					
trait	301	Draw of Fate	3.3	Rare	Generic					
trait	302	Dealmaker	4.5	Elite	Generic					
trait	303	Hentai Protagonist	4.8	Elite	Generic					
trait	304	Ecchi Protagonist	3.5	Rare	Generic					
trait	305	Honesty	2.2	Uncommon	Generic					
trait	306	Truthspeaker	4.2	Elite	Generic					
trait	307	Loyalty	2.7	Uncommon	Generic					
trait	308	Vault	3.9	Rare	Generic					
trait	309	Library Mind	2.9	Uncommon	Generic					
trait	310	Embrace	3.8	Rare	Generic					
trait	311	Transhuman	3.4	Rare	Generic					
trait	312	All Trades	3.9	Rare	Generic					
trait	313	Paper Trail	1.8	Common	Generic					
trait	314	No Strangers	2.1	Uncommon	Generic					
trait	315	No Peeking	5.1	Epic	Generic					
trait	316	Battery Saver	4.6	Elite	Generic					
trait	317	Rule 63	3.3	Rare	Generic					
trait	318	Monster Master	2.8	Uncommon	Generic					
trait	319	Musk	2.0	Uncommon	Generic					
trait	320	No Enemies	4.8	Elite	Generic					
trait	321	My Friend Now	5.5	Epic	Generic					
trait	322	Uchiha	6.0	Legendary	Naruto					
trait	323	Uzumaki	6.4	Legendary	Naruto					
trait	324	Hyuga	5.1	Epic	Naruto					
trait	325	Senju	6.8	Legendary	Naruto					
trait	326	Hanma	3.5	Rare	Baki					
trait	327	Lesser Undead	2.5	Uncommon	Generic					
trait	328	Greater Undead	3.8	Rare	Generic					
trait	329	Fishman	4.6	Elite	One Piece					
trait	330	Lunarian	6.2	Legendary	One Piece					
trait	331	Nightkin	4.9	Elite	Fate					
trait	332	Nightmare	5.2	Epic	Tsukihime					
trait	333	Dead Apostle	6.7	Legendary	Tsukihime					
trait	334	Dead Apostle Ancestor	8.0	Divine	Tsukihime					
trait	335	Beastkin	3.5	Rare	Generic					
trait	336	Ghoul	4.2	Elite	Tokyo Ghoul					
trait	337	One-Eyed Ghoul	5.3	Epic	Tokyo Ghoul					
trait	338	Vampire	3.7	Rare	JoJo					
trait	339	Pillar Men	4.6	Elite	JoJo					
trait	340	Perfect Lifeform	5.8	Epic	JoJo					
trait	341	Viltrumite	7.5	Mythical	Invincible					
trait	342	Kryptonian	8.8	Divine	DC					
trait	343	Saiyan	7.0	Mythical	Dragon Ball					
trait	344	Child of Man	8.4	Divine	Warhammer 40k	REF				
trait	345	Majin	7.9	Mythical	Dragon Ball					
trait	346	Rodrigues	2.7	Uncommon	Generic					
trait	347	Tepes	3.8	Rare	Generic					
trait	348	Mithril Skeleton	4.1	Elite	Generic					
trait	349	Adamantium Skeleton	5.7	Epic	Generic					
trait	350	Vibranium Skeleton	6.6	Legendary	Generic					
trait	351	Adamantium Bonding	4.2	Elite	Marvel					
trait	352	Sensor	2.9	Uncommon	Generic					
trait	353	Man vs World	4.8	Elite	Generic					
trait	354	Duelist	4.1	Elite	Generic					
trait	355	Multitasking	3.2	Rare	Generic					
trait	356	Scavenger	2.4	Uncommon	Generic					
trait	357	Meet Cute	2.8	Uncommon	Generic					
trait	358	Blood Mana	2.6	Uncommon	Generic					
trait	359	Angel	3.4	Rare	Generic					
trait	360	Principality	4.2	Elite	Generic					
trait	361	Dominion	5.4	Epic	Generic					
trait	362	Throne	6.5	Legendary	Generic					
trait	363	Seraphim	7.2	Mythical	Generic					
trait	364	Student	2.4	Uncommon	Generic					
trait	365	Disciple	3.2	Rare	Generic					
trait	366	Prodigious Pupil	4.1	Elite	Generic					
trait	367	The Taker	4.0	Elite	Generic					
trait	368	Monstergirl Enthusiast	2.5	Uncommon	Generic					
trait	369	Reaper's Presence	4.4	Elite	Generic					
trait	370	Magic Is Not Real	7.4	Mythical	Generic					
trait	371	Summoner	4.5	Elite	Generic					
trait	372	Brand of Tzeentch	5.8	Epic	Warhammer 40k					
trait	373	Brand of Slaanesh	4.6	Elite	Warhammer 40k					
trait	374	Brand of Khorne	5.3	Epic	Warhammer 40k					
trait	375	Brand of Nurgle	5.4	Epic	Warhammer 40k					
trait	376	Spiral	9.9	Transcendent	Tengen Toppa Gurenn Lagann					
trait	377	Monster of God	7.2	Mythical	Hellsing					
trait	378	Magical Girl Transformation	0.3	Trash	Generic					
trait	379	Hard to Kill	7.5	Mythical	Generic					
trait	380	Deathless	9.0	Transcendent	Generic					
trait	381	True User	8.0	Divine	Generic					
trait	382	All Devouring Physique	8.6	Divine	Generic					
trait	383	Renown	2.4	Uncommon	Generic					
trait	384	Bureaucrat's Eye	2.2	Uncommon	Generic					
trait	385	Legal Exemption	2.5	Uncommon	Generic					
trait	386	Hoarder	3.7	Rare	Generic					
trait	387	Avaricious Greed	7.2	Mythical	Generic					
trait	388	Blood Demon	5.4	Epic	Demon Slayer					
trait	389	Progenitor Demon	6.9	Legendary	Demon Slayer					
trait	390	Regenerative	4.7	Elite	Generic					
trait	391	Wardrobe	3.5	Rare	Generic					
trait	392	Nothing	0.1	Trash	Generic					
trait	393	No Weakness	6.0	Legendary	Generic					
trait	394	Beast	9.5	Transcendent	Fate					
trait	395	Metabolism	1.9	Common	Generic					
trait	396	Hunger	2.7	Uncommon	Generic					
trait	397	Voracity	3.6	Rare	Generic					
trait	398	Restful	2.4	Uncommon	Generic					
trait	399	Hypnos' Blessing	3.8	Rare	Generic					
trait	400	Inventory DLC	3.8	Rare	Generic					
trait	401	Vaunt	3.0	Rare	Generic					
trait	402	Gloryhound	4.6	Elite	Generic					
trait	403	King Engine	8.2	Divine	One Punch Man					
trait	404	Psyker	5.5	Epic	Warhammer 40k					
trait	405	Greater Psyker	6.5	Legendary	Warhammer 40k					
trait	406	Psyker(Biomancy)	4.8	Elite	Warhammer 40k					
trait	407	Psyker(Pyromancy)	4.2	Elite	Warhammer 40k					
trait	408	Psyker(Telekinesis)	4.9	Elite	Warhammer 40k					
trait	409	Psyker(Telepathy)	5.1	Epic	Warhammer 40k					
trait	410	Psyker(Divination)	5.3	Epic	Warhammer 40k					
trait	411	Old Blood	6.3	Legendary	Bloodborne					
trait	412	Salty Tears	0.1	Trash	Generic					
trait	413	Lucky Romantic	2.5	Uncommon	Generic					
trait	414	Cupid's Blessing	3.8	Rare	Generic					
trait	415	Blessing of Zeus	3.7	Rare	Generic					
trait	416	Infinite	9.1	Transcendent	Generic					
trait	417	Absolute Victory	9.7	Transcendent	Generic					
trait	418	Immortality	9.4	Transcendent	Generic					
trait	419	Elemental Immunity	8.1	Divine	Generic					
trait	420	Absolute Absorber	9.1	Transcendent	Generic					
trait	421	Cosmetic Calibration	1.8	Common	Generic					
trait	422	Imp	2.1	Uncommon	Generic					
trait	423	Demon	3.7	Rare	Generic					
trait	424	Fiend	4.9	Elite	Generic					
trait	425	Archfiend	5.7	Epic	Generic					
trait	426	True Demon	6.8	Legendary	Generic					
trait	427	Daemon	7.7	Mythical	Generic					
trait	428	Demon Kaiser	7.7	Mythical	Generic					
trait	429	Augmented	2.6	Uncommon	Generic					
trait	430	Android	3.7	Rare	Generic					
trait	431	Advanced Android	4.8	Elite	Generic					
trait	432	Biodroid	5.0	Epic	Generic					
trait	433	Full Conversion	5.5	Epic	Generic					
trait	434	Mechlord	6.7	Legendary	Generic					
trait	435	The Prime	7.8	Mythical	Generic					
trait	436	Vital	3.8	Rare	Generic					
trait	437	Marathoner	3.5	Rare	Generic					
trait	438	Racer	3.7	Rare	Generic					
trait	439	Tough as Nails	3.6	Rare	Generic					
trait	440	Brawler	3.4	Rare	Generic					
trait	441	Surging Vitality	4.8	Elite	Generic					
trait	442	Like the Wind	4.7	Elite	Generic					
trait	443	Resistant	4.5	Elite	Generic					
trait	444	Power Lifter	4.4	Elite	Generic					
trait	445	Lil' Hermes	5.7	Epic	Generic					
trait	446	The Wall	5.8	Epic	Generic					
trait	447	Ichor	5.9	Epic	Generic					
trait	448	Edible Fluids	1.2	Common	Generic					
trait	449	Midi-Chlorians	6.3	Legendary	Star Wars					
trait	450	Deus Eggs Machina	0.8	Trash	Generic					
trait	451	Drunk Driver	0.9	Trash	Generic					
trait	452	Ceaseless Discharge	0.9	Trash	Generic					
trait	453	Scarousing	3.3	Rare	Generic					
trait	454	Larger than Life	1.4	Common	Generic					
trait	455	Speak of the Devil	4.8	Elite	Generic					
trait	456	Wolfkin	3.5	Rare	Generic					
trait	457	Lycanthrope	4.7	Elite	Generic					
trait	458	Lycan Alpha	5.8	Epic	Generic					
trait	459	Lunar Lycan	6.5	Legendary	Generic					
trait	460	Managarmr	7.8	Mythical	Generic					
trait	461	Trainee Tinker	3.0	Rare	Generic					
trait	462	Pugilist Apprentice	3.1	Rare	Generic					
trait	463	Nascent Esper	3.2	Rare	Generic					
trait	464	Initiate Magician	3.3	Rare	Generic					
trait	465	Incubus/Succubus	4.0	Elite	Generic					
trait	466	Long Live the King	4.8	Elite	Generic					
trait	467	Tickets Please	3.3	Rare	Generic					
trait	468	Swiper no Swiping!	2.6	Uncommon	Generic					
trait	469	Trade-In	5.7	Epic	Generic					
trait	470	Sea Serpent	5.9	Epic	Generic					
trait	471	Leviathan	7.5	Mythical	Generic					
trait	472	Jormungandr	7.8	Mythical	Generic					
trait	473	Nekomata	5.8	Epic	Generic					
trait	474	Sköll	7.7	Mythical	Generic					
trait	475	Nemean	7.8	Mythical	Generic					
trait	476	Vile Temper	4.8	Elite	Generic					
trait	477	Glowing One	5.0	Epic	Generic					
trait	478	Soul Vessel	5.5	Epic	Hollow Knight					
trait	479	Ambidextrous	1.2	Common	Generic					
trait	480	Tune Up	3.3	Rare	Generic					
trait	481	Greater Beastkin	4.4	Elite	Generic					
trait	482	Noble Beastkin	5.7	Epic	Generic					
trait	483	Royal Beastkin	6.1	Legendary	Generic					
trait	484	Nephalem	8.7	Divine	Generic					
trait	485	Provocative	2.6	Uncommon	Generic					
trait	486	Steel Man	4.1	Elite	Generic					
trait	487	Blacklight Physique	7.4	Mythical	Prototype					
trait	488	Dragonlord	7.0	Mythical	Elden Ring					
trait	489	Everlasting Dragon	6.8	Legendary	Dark Souls					
trait	490	Nidhogg	7.8	Mythical	Generic					
trait	491	Gift of Nyar	4.9	Elite	Generic					
trait	492	Hydra Heart	7.8	Mythical	Generic					
trait	493	Ork Colour Theory	4.5	Elite	Warhammer 40k					
trait	494	Reaper's Writ	5.4	Epic	Generic	REF				
trait	495	Introspection	1.8	Common	Generic					
trait	496	Insurance Policy	4.7	Elite	Generic					
trait	497	Psionic	4.5	Elite	Generic					
trait	498	Netoranger	2.8	Uncommon	Generic					
trait	499	Natural Restoration	5.3	Epic	Generic	REF				
trait	500	Tune Up	3.3	Rare	Generic					
trait	501	Code of Immortality	7.6	Mythical	Code Geass	REF				
trait	502	Shoebody	1.8	Common	Generic					
trait	503	Silkheart	5.2	Epic	Silksong					
trait	504	Chaos Response	4.3	Elite	Generic					
trait	505	Broken Limiter	9.5	Transcendent	One Punch Man					
trait	506	Elementalist	3.8	Rare	Generic					
trait	507	Exorcist	3.4	Rare	Generic					
trait	508	Warlock	4.8	Elite	Generic					
trait	509	Death Knight	3.5	Rare	Generic					
trait	510	Dread Knight	4.8	Elite	Generic					
trait	511	Gravelord	5.5	Epic	Generic					
trait	512	Necro Kaiser	6.4	Legendary	Generic					
trait	513	Ruin Tyrant	7.2	Mythical	Generic					
trait	514	Lich	3.8	Rare	Generic					
trait	515	Elder Lich	4.7	Elite	Generic					
trait	516	Night Lich	5.8	Epic	Generic					
trait	517	Overlord	6.7	Legendary	Generic					
trait	518	Eclipse	7.9	Mythical	Generic					
trait	519	Skeleton	2.2	Uncommon	Generic					
trait	520	Kure	2.8	Uncommon	Kengan Ashura					
trait	521	Pretty Up	1.9	Common	Generic					
trait	522	Newtype	4.2	Elite	Gundam					
trait	523	Rule of Cool	2.8	Uncommon	Generic					
trait	524	Crazy Lure	3.2	Rare	Generic					
trait	525	Beelzebub's Blessing	3.8	Rare	Generic					
trait	526	Great Ass	1.3	Common	Generic					
trait	527	Cuddle Emperor	3.6	Rare	Generic					
trait	528	Chompers	1.4	Common	Generic					
trait	529	Nakiri	2.9	Uncommon	Shokugeki no Souma					
trait	530	Anathema	6.4	Legendary	Generic					
trait	531	Dominant	4.1	Elite	Generic					
trait	532	Light Resistance	3.7	Rare	Generic					
trait	533	Dark Resistance	3.5	Rare	Generic					
trait	534	Tech Priest Diploma	4.2	Elite	Generic					
trait	535	Blessing of the Omnissiah	4.7	Elite	Generic					
trait	536	Kitsune	4.6	Elite	Generic					
trait	537	Kyubi	5.7	Epic	Generic					
trait	538	Demeter's Blessing	3.7	Rare	Generic					
trait	539	Comforting Presence	3.7	Rare	Generic					
trait	540	Poseidon's Child	4.1	Elite	Generic					
trait	541	Deviant Fashion	1.4	Common	Generic					
trait	542	Machine Spirit Mechanic	5.4	Epic	Generic					
trait	543	Necromantic Heart	4.3	Elite	Generic					
trait	544	Oedipus Simple	2.5	Uncommon	Generic	REF				
trait	545	Full Coverage Insurance Plan	5.2	Epic	Generic					
trait	546	The Real Familiars	5.1	Epic	Generic	REF				
trait	547	Perception Awareness	4.2	Elite	Generic					
trait	548	Scenic Wind	0.5	Trash	Generic					
trait	549	Lactation	1.2	Common	Generic					
trait	550	Calcium Cultivation	3.7	Rare	Generic					
trait	551	Perfect Skin	1.9	Common	Generic					
trait	552	Comfortable	0.8	Trash	Generic					
trait	553	Form Fitting	2.1	Uncommon	Generic					
trait	554	Endless Stomach	2.2	Uncommon	Generic					
trait	555	Tanuki	4.6	Elite	Generic					
trait	556	Throat	0.4	Trash	Generic					
trait	557	Hagmaxxing	2.5	Uncommon	Generic					
trait	558	Violence of Heaven	5.4	Epic	Generic					
trait	559	Harpy	3.7	Rare	Generic					
trait	560	Roc	4.8	Elite	Generic					
trait	561	Thunderbird	5.8	Epic	Generic					
trait	562	Grand Thunderbird	6.5	Legendary	Generic					
trait	563	Ziz	7.8	Mythical	Generic					
trait	564	Allowance	2.2	Uncommon	Generic					
trait	565	Kyoi no Hado	5.7	Epic	Street Fighter					
trait	566	Satsui no Hado	5.8	Epic	Street Fighter					
trait	567	Reptilian Rapport	2.7	Uncommon	Generic					
trait	567 (2)	Canis Companion	2.6	Uncommon	Generic					
trait	568	Arthropod Affiliate	2.4	Uncommon	Generic					
trait	569	Warrior of Sunlight	4.1	Elite	Dark Souls					
trait	570	Gravelord Servant	3.4	Rare	Dark Souls					
trait	571	Darkwraith	3.1	Rare	Dark Souls					
trait	572	Path of Dragon	4.2	Elite	Dark Souls					
trait	573	Covenant Leader	5.4	Epic	Generic					
trait	574	Pendragon	5.3	Epic	Generic					
trait	575	Dullahan's Deception	2.2	Uncommon	Generic					
trait	576	Chaos Duplication	4.8	Elite	Generic					
trait	577	Fair Use	5.2	Epic	Generic					
trait	578	Crushing Daunt	5.6	Epic	Generic					
trait	579	Blood Fuel	1.5	Common	Generic					
trait	580	Literary Devouring	1.2	Common	Generic					
trait	581	Made of Fire	4.1	Elite	Generic					
trait	582	Vessel	4.5	Elite	Generic					
trait	583	Prime Soul	7.6	Mythical	Ultrakill					
trait	584	Mythril Fist	4.8	Elite	Generic					
trait	585	Adamantine Fist	5.5	Epic	Generic					
trait	586	Regenerator	5.9	Epic	Hellsing					
trait	587	The Santa Clause	1.9	Common	Generic					
trait	588	Sexercise	1.5	Common	Generic					
trait	589	Blessing of Atlas	5.5	Epic	Generic					
trait	590	Sadist	3.6	Rare	Generic					
trait	591	Starman	8.5	Divine	Generic					
trait	592	CEO of Sex	7.6	Mythical	Generic	REF				
trait	593	Firestarter	1.3	Common	Generic					
trait	594	Burner	2.5	Uncommon	Generic					
trait	595	Electrician	1.8	Common	Generic					
trait	596	Lightning Catcher	2.6	Uncommon	Generic					
trait	597	Thirsty	3.4	Rare	Generic					
trait	598	Heavyweight	3.5	Rare	Generic					
trait	599	Super Heavyweight	4.4	Elite	Generic					
trait	600	Titanweight	6.5	Legendary	Generic					
trait	601	Shoulder to Shoulder	4.0	Elite	Generic					
trait	602	Emergency Responder	3.1	Rare	Generic					
trait	603	Swimmer	1.1	Common	Generic					
trait	604	Mice Mate	2.5	Uncommon	Generic					
trait	605	Health Insurance	2.4	Uncommon	Generic					
trait	606	Touch of Death	4.6	Elite	Generic					
trait	607	No Life King	7.6	Mythical	Hellsing					
trait	608	Bully	2.5	Uncommon	Generic					
trait	609	Luddite	4.2	Elite	Generic					
trait	610	Technoclast	7.1	Mythical	Generic					
trait	611	Style	4.2	Elite	Ultrakill					
trait	612	Acid Reflux	2.1	Uncommon	Generic					
trait	613	Sober	1.8	Common	Generic					
trait	614	Variable Gene	4.9	Elite	Generic	REF				
trait	615	Firebender	5.1	Epic	Avatar					
trait	616	Earthbending	5.2	Epic	Avatar					
trait	617	Waterbending	6.2	Legendary	Avatar					
trait	618	Airbending	5.8	Epic	Avatar					
trait	619	Hypertrophic Mechanic	4.4	Elite	Generic					
trait	620	Item Hypertrophy	5.3	Epic	Generic					
trait	621	Super Sniffer	5.4	Epic	Demon Slayer					
trait	622	Enhanced Lungs	2.4	Uncommon	Generic					
trait	623	Nature Lungs	3.5	Rare	Generic					
trait	624	Fairy Lungs	4.6	Elite	Generic					
trait	625	Hard Heart	2.1	Uncommon	Generic					
trait	626	Spine of Steel	1.8	Common	Generic					
trait	627	Super High Capacity	6.0	Legendary	Generic					
trait	628	Thermal Adaptor	2.6	Uncommon	Generic					
trait	629	Eye of the Tiger	3.6	Rare	Generic					
trait	630	Castle Doctrine	3.2	Rare	Generic					
trait	631	Six Eyes	7.0	Mythical	Jujutsu Kaisen					
trait	632	Garlic Infused Blood	0.2	Trash	Generic					
familiar	1	ORT	9.8	Transcendent	Fate	REF				
familiar	2	Blair	4.3	Elite	Soul Eater					
familiar	3	Overgrown Rover	6.7	Legendary	One Punch Man					
familiar	4	Black Sperm	5.6	Epic	One Punch Man					
familiar	5	A rat	0.1	Trash	Generic					
familiar	6	Trash Eater	1.0	Common	Generic					
familiar	7	Samson	3.4	Rare	Skullgirls					
familiar	8	Parasite Leviathan	4.0	Elite	Skullgirls					
familiar	9	Death Claws	1.8	Common	Fallout					
familiar	10	Fafnir - Fate	6.8	Legendary	Fate					
familiar	11	Moonless	1.7	Common	Fear and Hunger					
familiar	12	A big rat	0.3	Trash	Generic					
familiar	13	Paisley Park	4.0	Elite	JoJo					
familiar	14	Giffany	2.8	Uncommon	Gravity Falls					
familiar	15	Dimple	5.5	Epic	Mob Psycho					
familiar	16	Observer	2.4	Uncommon	Generic					
familiar	17	Plague Bringer Goliath	6.5	Legendary	Calamity Mod					
familiar	18	Immortal Snail	1.0	Common	Generic					
familiar	19	Manticore	3.2	Rare	Generic					
familiar	20	Praetorian	5.2	Epic	Epic Battle Fantasy					
familiar	21	Dark Eater Midir	4.9	Elite	Dark Souls					
familiar	22	Red Eyes Black Dragon	3.8	Rare	Yugioh					
familiar	23	Blue Eyes White Dragon	4.8	Elite	Yugioh					
familiar	24	Cosmic Monolith	7.1	Mythical	Epic Battle Fantasy					
familiar	25	Slifer the Sky Dragon	6.7	Legendary	Yugioh					
familiar	26	Evil Natural Water	6.6	Legendary	One Punch Man	REF				
familiar	27	Sif	2.8	Uncommon	Dark Souls					
familiar	28	Capra Demons	2.2	Uncommon	Dark Souls					
familiar	29	Taurus Demons	3.1	Rare	Dark Souls					
familiar	30	Sanctuary Guardian	2.6	Uncommon	Dark Souls					
familiar	31	Kalameet	5.0	Epic	Dark Souls					
familiar	32	Charizard	2.5	Uncommon	Pokemon					
familiar	33	Aerodactyl	2.7	Uncommon	Pokemon					
familiar	34	Articuno	4.1	Elite	Pokemon					
familiar	35	Moltres	4.0	Elite	Pokemon					
familiar	36	Zapdos	4.0	Elite	Pokemon					
familiar	37	Thunderbirds	4.5	Elite	Hota					
familiar	38	Wooper	1.0	Common	Pokemon					
familiar	39	Gardevoir	6.0	Legendary	Pokemon					
familiar	40	Kyogre	6.7	Legendary	Pokemon					
familiar	41	Groudon	6.3	Legendary	Pokemon					
familiar	42	Rayquaza	6.7	Legendary	Pokemon					
familiar	43	Garchomp	4.2	Elite	Pokemon					
familiar	44	Zoroark	3.5	Rare	Pokemon					
familiar	45	Haspid	4.1	Elite	Hota					
familiar	46	Griffon	2.4	Uncommon	Hota					
familiar	47	Tohru	7.4	Mythical	Kobayashi					
familiar	48	Quetzalcoatl	7.8	Mythical	Kobayashi					
familiar	49	The Golem Core	3.6	Rare	Generic					
familiar	50	Obsidian Gargoyles	2.1	Uncommon	Hota					
familiar	51	Unicorn	4.2	Elite	Generic					
familiar	52	Leaf	5.0	Epic	Black Souls					
familiar	53	Sacabambaspis	0.1	Trash	Generic					
familiar	54	Dark Magician Girl	4.3	Elite	Yugioh					
familiar	55	Xenomorph	4.0	Elite	Alien	REF				
familiar	56	Sebas Tian	5.5	Epic	Overlord					
familiar	57	Soul Eater	4.6	Elite	Overlord					
familiar	58	Mosquito	4.7	Elite	One Punch Man					
familiar	59	Jubjub	4.2	Elite	Black Souls	REF				
familiar	60	Basilisk	2.8	Uncommon	Hota					
familiar	61	Mimic	2.8	Uncommon	Generic	REF				
familiar	62	Dog	0.1	Trash	Generic					
familiar	63	Cat	0.2	Trash	Generic					
familiar	64	Lion	1.2	Common	Generic					
familiar	65	Tiger	1.3	Common	Generic					
familiar	66	Snow Tiger	1.6	Common	Generic					
familiar	67	Brown Bear	1.0	Common	Generic					
familiar	68	Undead Army	4.2	Elite	Generic					
familiar	69	Cottonmouth	0.6	Trash	Generic					
familiar	70	Goblin	1.2	Common	Generic	REF				
familiar	71	Wyvern	2.3	Uncommon	Generic					
familiar	72	Dire Wolf	1.5	Common	Generic					
familiar	73	Hellhound	2.1	Uncommon	Generic					
familiar	74	Cerberus	3.2	Rare	Helltaker					
familiar	75	Crow	0.8	Trash	Generic					
familiar	76	Ditto	3.8	Rare	Pokemon	REF				
familiar	77	Desert Elemental	3.6	Rare	Calamity Mod					
familiar	78	Storm Elemental	3.3	Rare	Calamity Mod					
familiar	79	Cavern Elemental	3.1	Rare	Calamity Mod					
familiar	80	Brimstone Elemental	4.4	Elite	Calamity Mod					
familiar	81	Anahita	4.1	Elite	Calamity Mod					
familiar	82	Clothes Melting Slime	1.8	Common	Generic	REF				
familiar	83	Shark	0.4	Trash	Generic					
familiar	84	Schrodinger's cat	1.7	Common	Generic					
familiar	85	Aegislash	3.2	Rare	Pokemon					
familiar	86	Poltergeist	2.7	Uncommon	Generic					
familiar	87	Wraith	2.1	Uncommon	Generic					
familiar	88	Lupusregina Beta	4.0	Elite	Overlord					
familiar	89	Solution Epsilon	4.1	Elite	Overlord					
familiar	90	Entoma Zeta	3.2	Rare	Overlord					
familiar	91	Ramiel	5.9	Epic	Evangelion					
familiar	92	Yasaka	7.0	Mythical	DxD					
familiar	93	Pandora's Actor	5.6	Epic	Overlord					
familiar	94	The thing	4.2	Elite	John Carpenter's The Thing					
familiar	95	Black Nomu	5.5	Epic	MHA					
familiar	96	Slime	2.5	Uncommon	Generic					
familiar	97	Divine Dogs	2.3	Uncommon	Jujutsu Kaisen					
familiar	98	Nue	2.8	Uncommon	Jujutsu Kaisen					
familiar	99	Gama	2.0	Uncommon	Jujutsu Kaisen					
familiar	100	Orochi	2.0	Uncommon	Jujutsu Kaisen					
familiar	101	Max Elephant	2.4	Uncommon	Jujutsu Kaisen					
familiar	102	Rabbit Escape	3.7	Rare	Jujutsu Kaisen					
familiar	103	Round Deer	4.7	Elite	Jujutsu Kaisen					
familiar	104	Mahoraga	6.3	Legendary	Jujutsu Kaisen					
familiar	105	Power	5.8	Epic	Chainsaw Man					
familiar	106	Bat Devil	3.7	Rare	Chainsaw Man					
familiar	107	Pochita	6.6	Legendary	Chainsaw Man					
familiar	108	Igris	4.5	Elite	Solo Leveling					
familiar	109	Iron	3.7	Rare	Solo Leveling					
familiar	110	Tusk	4.2	Elite	Solo Leveling					
familiar	111	Bladewolf	5.8	Epic	Metal Gear					
familiar	112	Black Knife Tiche	3.5	Rare	Elden Ring					
familiar	113	Mr. Sir Ceo	2.7	Uncommon	Generic					
familiar	114	Puck	5.0	Epic	Re:Zero					
familiar	115	Beatrice	5.7	Epic	Re:Zero	REF				
familiar	116	Shenron	6.9	Legendary	Dragon Ball	REF				
familiar	117	Medusa Gorgon	4.4	Elite	Soul Eater	REF				
familiar	118	Nyotengu	3.9	Rare	Dead or Alive					
familiar	119	Kon	3.7	Rare	Chainsaw Man					
familiar	120	20% Gun Devil	6.9	Legendary	Chainsaw Man					
familiar	121	Senko	3.2	Rare	Sewayaki Kitsune Senko-san					
familiar	122	Yozora	4.1	Elite	Sewayaki Kitsune Senko-san					
familiar	123	Kurama	7.3	Mythical	Naruto					
familiar	124	Shukaku	6.5	Legendary	Naruto					
familiar	125	Matatabi	6.2	Legendary	Naruto					
familiar	126	Isobu	6.4	Legendary	Naruto					
familiar	127	Son Goku	6.9	Legendary	Naruto					
familiar	128	Ten-Tails	8.0	Divine	Naruto					
familiar	129	Suu	3.5	Rare	Monster Musume					
familiar	130	Sylvia	5.8	Epic	Konosuba					
familiar	131	Alucard	6.0	Legendary	Hellsing					
familiar	132	Seras Victoria	5.1	Epic	Hellsing					
familiar	133	Vlad Dracula	7.2	Mythical	Hellsing					
familiar	134	Nihilego	4.0	Elite	Pokemon	REF				
familiar	135	Buzzwole	3.8	Rare	Pokemon					
familiar	136	Darkrai	5.2	Epic	Pokemon	REF				
familiar	137	Shuten Douji	5.8	Epic	Fate					
familiar	138	Ibaraki Douji	4.8	Elite	Fate					
familiar	139	Tamamo no Mae	5.5	Epic	Fate					
familiar	140	Streetcleaners	2.8	Uncommon	Ultrakill					
familiar	141	Guttermen & Guttertank	3.7	Rare	Ultrakill					
familiar	142	Ultron	6.1	Legendary	Age of Ultron					
familiar	143	Tali	3.1	Rare	Mass Effect					
familiar	144	Crow of Judgement	0.4	Trash	Generic					
familiar	145	Lil' Leviathan	3.7	Rare	Worm					
familiar	146	Lil' Behemoth	4.5	Elite	Worm					
familiar	147	Lil' Simurgh	4.8	Elite	Worm					
familiar	148	Tai Lung	3.9	Rare	Kung Fu Panda					
familiar	149	Hawkeye Gough	3.1	Rare	Dark Souls					
familiar	150	Muffet	3.7	Rare	Undertale					
familiar	151	King Nothing	2.5	Uncommon	JoJo					
familiar	152	Spider Demon Mother	3.8	Rare	Demon Slayer					
familiar	153	Muzan	5.9	Epic	Demon Slayer					
familiar	154	Mukago	3.6	Rare	Demon Slayer					
familiar	155	Daki	4.0	Elite	Demon Slayer	REF				
familiar	156	Nakime	5.1	Epic	Demon Slayer					
familiar	157	Kokushibo	4.6	Elite	Demon Slayer					
familiar	158	Douma	4.2	Elite	Demon Slayer					
familiar	159	Tionishia	2.6	Uncommon	Monster Musume					
familiar	160	Rachnera Arachnera	2.9	Uncommon	Monster Musume					
familiar	161	Doppel	2.9	Uncommon	Monster Musume					
familiar	162	Spelunker Fairy	3.8	Rare	Generic					
familiar	163	Dio Brando	4.2	Elite	JoJo					
familiar	164	DIO	5.4	Epic	JoJo					
familiar	165	The Pillar Men	5.2	Epic	JoJo					
familiar	166	Kars	4.9	Elite	JoJo					
familiar	167	Esidisi	4.2	Elite	JoJo					
familiar	168	Whamuu	4.4	Elite	JoJo					
familiar	169	Ultimate Kars	5.8	Epic	JoJo					
familiar	170	Master Hewg	4.5	Elite	Elden Ring					
familiar	171	Parthunaax	4.7	Elite	Skyrim					
familiar	172	Durnhevir	4.1	Elite	Skyrim					
familiar	173	Neferpitou	5.7	Epic	Hunter x Hunter	REF				
familiar	174	Nemesis	3.7	Rare	Resident Evil					
familiar	175	Grimm Wyvern	5.0	Epic	RWBY					
familiar	176	Alcina Dimitrescu	4.2	Elite	Resident Evil					
familiar	177	Lust	3.0	Rare	Fullmetal Alchemist					
familiar	178	Darkbeast Paarl	2.4	Uncommon	Bloodborne					
familiar	179	Kirin	4.1	Elite	Monster Hunter					
familiar	180	Valstrax	5.7	Epic	Monster Hunter					
familiar	181	Mimikyu	3.0	Rare	Pokemon	REF				
familiar	182	Wooloo	1.5	Common	Pokemon					
familiar	183	Cazador	3.0	Rare	Fallout New Vegas					
familiar	184	Nick Valentine	2.5	Uncommon	Fallout 4					
familiar	185	Potato GLaDOS	2.3	Uncommon	Portal					
familiar	186	Yes Man	1.8	Common	Fallout New Vegas	REF				
familiar	187	CZ2128 Delta	3.8	Rare	Overlord					
familiar	188	Narberal Gamma	4.1	Elite	Overlord					
familiar	189	Yuri Alpha	3.9	Rare	Overlord					
familiar	190	Carla	4.5	Elite	Fairy Tail					
familiar	191	Daisy	0.2	Trash	Doom					
familiar	192	Dogmeat	1.7	Common	Fallout					
familiar	193	Liberty Prime	5.6	Epic	Fallout	REF				
familiar	194	Toaster	2.7	Uncommon	Fallout: Old World Blues					
familiar	195	Taurus	2.8	Uncommon	Fairy Tail					
familiar	196	Aquarius	3.8	Rare	Fairy Tail					
familiar	197	Cancer	2.7	Uncommon	Fairy Tail					
familiar	198	Virgo	3.5	Rare	Fairy Tail					
familiar	199	Aries	3.0	Rare	Fairy Tail					
familiar	200	Libra	3.4	Rare	Fairy Tail					
familiar	201	Stray Cat	2.0	Uncommon	JoJo					
familiar	202	Ship	4.8	Elite	Ben 10					
familiar	203	Zs Skayr	6.7	Legendary	Ben 10	REF				
familiar	204	Vulpimancer	3.5	Rare	Ben 10					
familiar	205	Null Guardians	4.0	Elite	Ben 10					
familiar	206	Herbie	1.2	Common	The Love Bug					
familiar	207	Iron Golem	2.8	Uncommon	Hota					
familiar	208	Diamond Golem	4.1	Elite	Hota					
familiar	209	Regirock	4.6	Elite	Pokemon					
familiar	210	Regice	4.9	Elite	Pokemon					
familiar	211	Registeel	4.3	Elite	Pokemon					
familiar	212	Regigigas	7.2	Mythical	Pokemon					
familiar	213	Jigglypuff	2.8	Uncommon	Pokemon					
familiar	214	Rajang	4.6	Elite	Monster Hunter					
familiar	215	Skeleton Band	1.6	Common	Generic	REF				
familiar	216	Bad Company	3.4	Rare	JoJo					
familiar	217	Harvest	3.7	Rare	JoJo					
familiar	218	Petshop	4.0	Elite	JoJo					
familiar	219	Anubis	4.7	Elite	JoJo	REF				
familiar	220	Monstra	6.6	Legendary	RWBY	REF				
familiar	221	Mizutsune	3.5	Rare	Monster Hunter					
familiar	222	Shalltear Bloodfallen	6.8	Legendary	Overlord					
familiar	223	Albedo	5.7	Epic	Overlord					
familiar	224	Cure Elim Los Malvar	7.3	Mythical	Overlord					
familiar	225	Kenjaku	6.0	Legendary	Jujutsu Kaisen					
familiar	226	Mahito	6.9	Legendary	Jujutsu Kaisen	REF				
familiar	227	Hanami	5.7	Epic	Jujutsu Kaisen					
familiar	228	Jogo	5.9	Epic	Jujutsu Kaisen					
familiar	229	Dagon	5.5	Epic	Jujutsu Kaisen					
familiar	230	Nrvnqsr Chaos	7.6	Mythical	Tsukihime					
familiar	231	Pepsi Man	0.9	Trash	Pepsi					
familiar	232	Nashrah	4.7	Elite	Fear and Hunger					
familiar	233	Endbringer Leviathan	6.1	Legendary	Worm					
familiar	234	Endbringer Simurgh	7.0	Mythical	Worm					
familiar	235	Endbringer Behemoth	6.7	Legendary	Worm					
familiar	236	Dragon	5.9	Epic	Worm					
familiar	237	Light and Nightfury	2.6	Uncommon	How to Train Your Dragon					
familiar	238	Blue Diamond	5.6	Epic	Steven Universe					
familiar	239	Lapis Lazuli	5.4	Epic	Steven Universe					
familiar	240	Tiamat	9.1	Transcendent	Fate					
familiar	241	Goetia	9.5	Transcendent	Fate					
familiar	242	Kirby	9.6	Transcendent	Kirby	REF				
familiar	243	Chicken	1.5	Common	Minecraft					
familiar	244	Golden Goose	1.6	Common	Generic					
familiar	245	Untitled Goose	2.0	Uncommon	Untitled Goose Game					
familiar	246	Peridot	5.6	Epic	Steven Universe					
familiar	247	Sapphire	4.8	Elite	Steven Universe					
familiar	248	Pearl	4.0	Elite	Steven Universe					
familiar	249	Eliza & Sekhmet	4.6	Elite	Skullgirls					
familiar	250	Koro Sensei	6.8	Legendary	Assassination Classroom					
familiar	251	Dreadon	8.9	Divine	Calamity Mod					
familiar	252	S-Snake	6.8	Legendary	One Piece					
familiar	253	Meruem	7.8	Mythical	Hunter x Hunter					
familiar	254	Godzilla	6.2	Legendary	Monsterverse					
familiar	255	Ghidorah	6.9	Legendary	Monsterverse					
familiar	256	Mothra	6.1	Legendary	Monsterverse					
familiar	257	Shimo	7.0	Mythical	Monsterverse					
familiar	258	Parasite	3.5	Rare	Parasyte the Maxim					
familiar	259	Excalibur	6.7	Legendary	Soul Eater					
familiar	260	Chauffeur	1.3	Common	Generic					
familiar	261	Goons	2.5	Uncommon	Generic					
familiar	262	Ddraig Y Goch	8.6	Divine	Highschool DxD					
familiar	263	Albion	8.5	Divine	Highschool DxD					
familiar	264	Mewtwo	7.0	Mythical	Pokemon					
familiar	265	Remy	1.2	Common	Ratatouille					
familiar	266	Dialga	8.9	Divine	Pokemon					
familiar	267	Palkia	8.8	Divine	Pokemon					
familiar	268	Giratina	8.7	Divine	Pokemon					
familiar	269	Khorne	7.6	Mythical	Warhammer 40k					
familiar	270	Slaanesh	7.5	Mythical	Warhammer 40k					
familiar	271	Tzeentch	7.7	Mythical	Warhammer 40k					
familiar	272	Nurgle	7.4	Mythical	Warhammer 40k					
familiar	273	Puar	3.1	Rare	Dragon Ball					
familiar	274	Acnologia	8.8	Divine	Fairy Tail					
familiar	275	THWOMP	1.6	Common	Mario					
familiar	276	Kaguya Otsutsuki	9.0	Transcendent	Naruto					
familiar	277	Renamon	2.8	Uncommon	Digimon					
familiar	278	Taomon	3.9	Rare	Digimon					
familiar	279	Skullgreymon	3.7	Rare	Digimon					
familiar	280	Golem Worker	2.3	Uncommon	Generic					
familiar	281	Lilithmon	4.6	Elite	Digimon					
familiar	282	Shademon	2.6	Uncommon	Digimon					
familiar	283	Eyesmon	4.7	Elite	Digimon					
familiar	284	Hydramon	4.2	Elite	Digimon					
familiar	285	Angewomon	4.4	Elite	Digimon					
familiar	286	Ladydevimon	4.4	Elite	Digimon					
familiar	287	Ariemon	4.8	Elite	Digimon					
familiar	288	Lamiamon	3.9	Rare	Digimon					
familiar	289	Medusamon	4.0	Elite	Digimon					
familiar	290	The Lich	7.8	Mythical	Adventure Time					
familiar	291	Lil' Khorne	5.1	Epic	Warhammer 40k					
familiar	292	Lil' Slaanesh	5.2	Epic	Warhammer 40k					
familiar	293	Lil' Tzeentch	5.7	Epic	Warhammer 40k					
familiar	294	Lil' Nurgle	5.0	Epic	Warhammer 40k					
familiar	295	Scion	9.5	Transcendent	Worm					
familiar	296	Grand Guignol	9.6	Transcendent	Black Souls					
familiar	297	Majin Buu	9.7	Transcendent	Dragon Ball					
familiar	298	Anti Spiral	9.9	Transcendent	Gurren Lagann					
familiar	299	Obelisk the Tormentor	6.5	Legendary	Yugioh					
familiar	300	Winged Dragon of Ra	7.0	Mythical	Yugioh					
familiar	301	Dusknoir	3.8	Rare	Pokemon					
familiar	302	Lucario	3.4	Rare	Pokemon					
familiar	303	Yveltal	7.7	Mythical	Pokemon					
familiar	304	Xerneas	7.6	Mythical	Pokemon					
familiar	305	Alcremie	1.9	Common	Pokemon					
familiar	306	Hoopa	7.2	Mythical	Pokemon					
familiar	307	Frost Legion	3.6	Rare	Terraria					
familiar	308	Salt Golem	0.1	Trash	Generic					
familiar	309	D'vorah	2.9	Uncommon	Mortal Kombat					
familiar	310	Triborg	3.8	Rare	Mortal Kombat					
familiar	311	Azmuth	9.2	Transcendent	Ben 10					
familiar	312	Mipha	4.1	Elite	Legend of Zelda					
familiar	313	Factory Core	4.7	Elite	Generic					
familiar	314	Mech Core	6.5	Legendary	Generic					
familiar	315	Connor	1.8	Common	Detroit Become Human					
familiar	316	HK 47	3.1	Rare	Star Wars					
familiar	317	Magnaguard	2.9	Uncommon	Star Wars					
familiar	318	B-1 Battle Droid	1.0	Common	Star Wars					
familiar	319	B-2 Battle Droids	1.8	Common	Star Wars					
familiar	320	KX Executor Droids	3.0	Rare	Star Wars					
familiar	321	IG-88	3.4	Rare	Star Wars					
familiar	322	2-1B surgical droid	2.6	Uncommon	Star Wars					
familiar	323	Imp Midna	3.6	Rare	Legend of Zelda					
familiar	324	Midna	5.3	Epic	Legend of Zelda					
familiar	325	Seth	6.3	Legendary	Street Fighter					
familiar	326	Horus	4.6	Elite	JoJo					
familiar	327	The Fool	3.9	Rare	JoJo					
familiar	328	Cream	6.4	Legendary	JoJo					
familiar	329	Hanged Man	4.8	Elite	JoJo					
familiar	330	High Priestess	3.7	Rare	JoJo					
familiar	331	Radiance	5.0	Epic	Hollow Knight					
familiar	332	The Knight	3.5	Rare	Hollow Knight					
familiar	333	Tentacle Cleaner	1.3	Common	Generic					
familiar	334	Troupe Master Grimm	4.5	Elite	Hollow Knight					
familiar	335	Tinker Bell	1.4	Common	Peter Pan					
familiar	336	V1	5.8	Epic	Ultrakill					
familiar	337	Isabelle	1.3	Common	Animal Crossing					
familiar	338	Lucifer the CEO of Hell	4.3	Elite	Helltaker					
familiar	339	Radioactive Spider	5.5	Epic	Spider-Man	REF				
familiar	340	Big Gete Star	9.4	Transcendent	Dragon Ball					
familiar	341	Ridley	5.1	Epic	Metroid					
familiar	342	Venom	5.9	Epic	Sony Venom Movies					
familiar	343	Black Sabbath	3.5	Rare	JoJo					
familiar	344	Silver Chariot	4.7	Elite	JoJo					
familiar	345	Mineral Weaver	3.8	Rare	Generic					
familiar	346	Hornet	3.5	Rare	Hollow Knight					
familiar	347	Grand Mother Silk	5.4	Epic	Silksong					
familiar	348	Death Angels	2.6	Uncommon	A Quiet Place					
familiar	349	Architect	2.6	Uncommon	Generic					
familiar	350	EVE	1.3	Common	Wall-E					
familiar	351	Bell Gargoyles	2.7	Uncommon	Dark Souls					
familiar	352	Black Knights	3.3	Rare	Dark Souls					
familiar	353	Ravenous Crystal Lizard	3.0	Rare	Dark Souls					
familiar	354	Terraformar	4.3	Elite	Terraformars					
familiar	355	Made in Heaven	8.1	Divine	JoJo					
familiar	356	Goddess Amaterasu	8.4	Divine	Fate					
familiar	357	Dwarf in the Flask	5.9	Epic	Fullmetal Alchemist					
familiar	358	Vlov Arkangel	6.5	Legendary	Tsukihime					
familiar	359	Full-Grown Fallingstar Beast	4.2	Elite	Elden Ring					
familiar	360	Hound of Tindalos	6.9	Legendary	Cthulhu Mythos					
familiar	361	Gugulanna	8.3	Divine	Fate					
familiar	362	Brethren Moon	8.6	Divine	Dead Space					
familiar	363	Golem Keter Malkuth	6.4	Legendary	Fate					
familiar	364	Zeus Homie	6.1	Legendary	One Piece					
familiar	365	Prometheus Homie	6.0	Legendary	One Piece					
familiar	366	Terraprisma	4.8	Elite	Terraria					
familiar	367	Gathering Swarm	2.1	Uncommon	Hollow Knight					
familiar	368	Toriel	4.2	Elite	Undertale					
familiar	369	Undyne	3.9	Rare	Undertale					
familiar	370	Junimo	1.8	Common	Stardew Valley					
familiar	371	Evil and Intimidating Horse	0.9	Trash	Generic					
familiar	372	Penny Polendina	4.3	Elite	RWBY					
familiar	373	Beowolf Pack	2.2	Uncommon	RWBY					
familiar	374	Centorea Shianus	2.5	Uncommon	Monster Musume					
familiar	375	Yellow Chocobo	1.0	Common	Final Fantasy					
familiar	376	Holy Cow	1.5	Common	Generic					
familiar	377	Cathyl	1.7	Common	Monster Musume					
familiar	378	Dragonslayer Armor	3.0	Rare	Dark Souls					
familiar	379	The Doll	1.1	Common	Bloodborne					
familiar	380	Lady of Ariandel	4.4	Elite	Dark Souls					
familiar	381	Royal Sentinels	2.4	Uncommon	Dark Souls					
familiar	382	Miriel the Pastor of Vows	1.9	Common	Elden Ring					
familiar	383	Bucky	1.9	Common	Chainsaw Man					
familiar	384	Earthmover	6.4	Legendary	Ultrakill					
familiar	385	Flesh Leviathan	4.6	Elite	Ultrakill					
familiar	386	Swordsmachine	2.7	Uncommon	Ultrakill					
familiar	387	Mindflayer	3.1	Rare	Ultrakill					
familiar	388	Geryon the Watcher of the Skies	5.0	Epic	Generic					
familiar	389	Hell	9.2	Transcendent	Ultrakill					
familiar	390	Puss	2.0	Uncommon	Puss in Boots					
familiar	391	Noah's Menagerie	4.5	Elite	Generic					
familiar	392	Gore Magala	4.5	Elite	Monster Hunter					
familiar	393	Shagaru Magala	5.8	Epic	Monster Hunter					
familiar	394	Nick O' Teen	1.0	Common	DC	REF				
familiar	395	The Fallen Aces	3.2	Rare	Fallen Aces					
familiar	396	Rodent of Usual Size	0.1	Trash	Generic					
familiar	397	Rodent of Unusual Size	0.5	Trash	Princess Bride					
familiar	398	Cancerous Rodent	1.5	Common	Ultrakill					
familiar	399	Mythra and Pyra	6.3	Legendary	Xenoblade					
familiar	400	Aegaeon	5.6	Epic	Xenoblade					
familiar	401	Brighid	5.7	Epic	Xenoblade					
familiar	402	Dromarch	4.9	Elite	Xenoblade					
familiar	403	Perdido	5.0	Epic	Xenoblade					
familiar	404	Zenobia	4.8	Elite	Xenoblade					
familiar	405	Nia	6.1	Legendary	Xenoblade					
familiar	406	Nosferatu Zod	3.0	Rare	Berserk					
familiar	407	Mizune Family	3.8	Rare	Soul Eater					
familiar	408	Eruka Frog	3.9	Rare	Soul Eater					
familiar	409	Chaomorph	4.3	Elite	Generic					
familiar	410	Greater Chaomorph	6.6	Legendary	Generic					
familiar	411	Faceless One	8.3	Divine	Generic					
familiar	412	Investigator	2.6	Uncommon	Generic					
familiar	413	Investinggator	1.5	Common	Generic					
familiar	414	Instiggator	1.7	Common	Generic					
familiar	415	Interroggator	1.3	Common	Generic					
familiar	416	Litiggator	1.2	Common	Generic					
familiar	417	Naviggator	1.4	Common	Generic					
familiar	418	Carpenter Ants	1.6	Common	Generic					
familiar	419	Hubert Jura Hound	0.5	Trash	Generic					
familiar	420	Four Dark Devas of Destruction	0.7	Trash	Danganronpa					
familiar	421	Patrasche	1.4	Common	Re:Zero					
familiar	422	Gacha Man	3.3	Rare	Generic	REF				
familiar	423	Piercing Ox	3.5	Rare	Jujutsu Kaisen					
familiar	424	Tiger Funeral	5.4	Epic	Jujutsu Kaisen					
familiar	425	Beldia	4.8	Elite	Konosuba					
familiar	426	Hans	5.1	Epic	Konosuba					
familiar	427	Echidna	0.2	Trash	Generic					
familiar	428	Krombopulous Michael	3.2	Rare	Rick and Morty					
familiar	429	Merged Beast Agito	5.0	Epic	Jujutsu Kaisen					
familiar	430	Vernum Carnis	4.6	Elite	Vita Carnis					
familiar	431	Raccoon	0.4	Trash	Generic					
familiar	432	A Tanuki	0.5	Trash	Generic					
familiar	433	Arvak	1.4	Common	Skyrim					
familiar	434	Appa	2.5	Uncommon	Avatar					
familiar	435	Hamsuke	3.5	Rare	Overlord					
familiar	436	Militech Chimera	3.5	Rare	Cyberpunk					
familiar	437	Butter Passing Robot	0.6	Trash	Rick and Morty					
familiar	438	Magnamalo	3.7	Rare	Monster Hunter					
familiar	439	Lunagaron	4.0	Elite	Monster Hunter					
familiar	440	Shogun Ceanataur	4.2	Elite	Monster Hunter					
familiar	441	Zinogore	3.1	Rare	Monster Hunter					
familiar	442	Voljang	4.3	Elite	Monster Hunter					
familiar	443	Nakarkos	5.2	Epic	Monster Hunter					
familiar	444	Amatsu	5.6	Epic	Monster Hunter					
familiar	445	Garangolm	4.9	Elite	Monster Hunter					
familiar	446	Velkhana	5.3	Epic	Monster Hunter					
familiar	447	Elderfrost Gammoth	3.3	Rare	Monster Hunter					
familiar	448	Goss Harag	2.6	Uncommon	Monster Hunter					
familiar	449	Malzeno	6.0	Legendary	Monster Hunter					
familiar	450	Ruiner Nergigante	5.5	Epic	Monster Hunter					
familiar	451	Qurio Swarm	4.6	Elite	Monster Hunter					
familiar	452	Canyne Pack	2.9	Uncommon	Monster Hunter					
familiar	453	Fatalis Trio	6.5	Legendary	Monster Hunter					
familiar	454	Lil' Entity	7.5	Mythical	Worm					
familiar	455	Common Blade Core	2.8	Uncommon	Xenoblade					
familiar	456	Rare Blade Core	4.5	Elite	Xenoblade					
familiar	457	Investiggator	2.6	Uncommon	Generic					
familiar	458	Coco Jumbo	1.7	Common	JoJo					
familiar	459	Hollow Army	2.5	Uncommon	Dark Souls					
familiar	460	Lopunny	2.3	Uncommon	Pokemon					
item	1	Gae Bolg	5.3	Epic	Fate					
item	2	Excalibur the Sword of Promised Victory	7.0	Mythical	Fate					
item	3	Laevatein	7.8	Mythical	Fate					
item	4	Deep Sea Knight Anchor	4.8	Elite	Black Souls					
item	5	Vorpal Blade	4.0	Elite	Black Souls					
item	6	Demon Catalyst	4.8	Elite	Black Souls					
item	7	Astral Injection	3.5	Rare	Calamity Mod					
item	8	Yharim Stimulants	4.1	Elite	Calamity Mod					
item	9	Ring of Invisibility	2.0	Uncommon	Generic					
item	10	Master Key	5.2	Epic	Generic	REF				
item	11	Spear of Longinus X	5.5	Epic	Evangelion					
item	12	Invisible Air	4.0	Elite	Fate					
item	13	Gae Buidhe	4.2	Elite	Fate					
item	14	Gae Dearg	4.8	Elite	Fate					
item	15	Gram	6.0	Legendary	DxD					
item	16	Durandal	5.3	Epic	DxD					
item	17	Sword Birth	5.0	Epic	DxD					
item	18	A skeleton	0.3	Trash	Generic					
item	19	Auric Tesla Armor	7.0	Mythical	Calamity Mod					
item	20	Enuma Elish	8.7	Divine	Fate	REF				
item	21	Pokeball Set	3.3	Rare	Pokemon					
item	22	Inverted Spear of Heaven	5.3	Epic	Jujutsu Kaisen					
item	23	Cornucopia	3.9	Rare	Generic					
item	24	Tome of the Erdtree	4.7	Elite	Elden Ring					
item	25	Tome of the Grand Rizzard	4.0	Elite	Generic					
item	26	Tricksters Book of Illusions	4.3	Elite	Generic					
item	27	Dragon Ball	2.3	Uncommon	Dragon Ball	REF				
item	28	Stone Mask	4.7	Elite	JoJo					
item	29	Stone of Aja	4.2	Elite	JoJo					
item	30	Grimoire of the Twice Dead Death Mage	5.7	Epic	Death Mage					
item	31	Grimoire of the White Mage	4.1	Elite	Generic					
item	32	Grimoire of the Pyromancer	4.3	Elite	Generic					
item	33	Grimoire of the Cryomancer	4.2	Elite	Generic					
item	34	Grimoire of the Aeromancer	4.4	Elite	Generic					
item	35	Alchemilia	3.6	Rare	Generic					
item	36	The Assembly	5.2	Epic	Generic	REF				
item	37	Bar of Vibranium	5.1	Epic	Marvel					
item	38	Angel Ring	4.7	Elite	Modded Minecraft					
item	39	Black Barrel	7.4	Mythical	Fate	REF				
item	40	Black Key Rites	4.2	Elite	Fate					
item	41	Shroud of Martin	4.5	Elite	Fate					
item	42	Enkidu	8.4	Divine	Fate					
item	43	A pair of very comfortable socks	0.1	Trash	Generic					
item	44	Character Card Destiny's Child	5.6	Epic	Generic					
item	45	HF Murasama	4.7	Elite	Metal Gear Rising Revengeance					
item	46	Playful Cloud	4.1	Elite	Jujutsu Kaisen					
item	47	Pokedex	3.3	Rare	Pokemon					
item	48	The Infinite Magazine	4.0	Elite	Generic					
item	49	Ticket to Belethor's General Goods	4.2	Elite	Skyrim					
item	50	Hito Hito no Mi	4.0	Elite	One Piece					
item	51	Triactis True Paladinian Mage-Hammer of Might	7.1	Mythical	Calamity Mod					
item	52	Ticket to the ITOPOD	3.0	Rare	NGU Idle					
item	53	Tome of Hands	3.7	Rare	Generic					
item	54	Furniture Catalog	2.5	Uncommon	Generic					
item	55	Abyssal Diving Suit	4.2	Elite	Calamity Mod					
item	56	Grand Gelatin	4.8	Elite	Calamity Mod					
item	57	Ring of Swiftness	2.1	Uncommon	Generic					
item	58	Sand Cloak	2.8	Uncommon	Generic					
item	59	Ambrosial Ampule	5.8	Epic	Calamity Mod					
item	60	Bloom Stone	3.2	Rare	Calamity Mod					
item	61	Butcher's Bag of Infinite Meat	1.7	Common	Generic					
item	62	Living Dew	5.2	Epic	Calamity Mod					
item	63	Permafrost's Concoction	6.2	Legendary	Calamity Mod					
item	64	THE Stop Sign	4.5	Elite	Generic					
item	65	Trinket of Chi	2.3	Uncommon	Calamity Mod					
item	66	Evasion Scarf	3.7	Rare	Calamity Mod					
item	67	Grimoire of Hemomancy	4.6	Elite	Black Clover					
item	68	Grimoire of Pyromancy	4.8	Elite	Black Clover					
item	69	Tome of Vector Magic	3.6	Rare	Soul Eater					
item	70	Boar Vessel 600-500 BC Etruscan ceramic	0.1	Trash	Generic					
item	71	Shitty Copper	1.6	Common	Generic					
item	72	Belt of Giant Strength	3.7	Rare	DnD					
item	73	Blackrazor	5.5	Epic	DnD					
item	74	Verminshroud	4.2	Elite	DnD					
item	75	Topaz Annihilator	4.7	Elite	DnD					
item	76	Hypnos' Mask	3.5	Rare	Generic					
item	77	Blade Smith	5.1	Epic	DxD					
item	78	Dimension Lost	8.2	Divine	DxD	REF				
item	79	Sephiroth Graal	7.4	Mythical	DxD					
item	80	Alchemist's Cauldron	3.6	Rare	Generic					
item	81	Dragon Vessel Intermediate	4.2	Elite	Generic					
item	82	Dragon Vessel Major	5.3	Epic	Generic					
item	83	Absorption Line	4.7	Elite	DxD					
item	84	Dreadon's Gaming Chair	4.9	Elite	Calamity Mod					
item	85	Returner's Clock	4.9	Elite	Generic	REF				
item	86	Havel's Greatshield	2.2	Uncommon	Dark Souls					
item	87	Sanctus - Dark souls	2.9	Uncommon	Dark Souls					
item	88	Altar of Earth	3.9	Rare	Hota					
item	89	Ring of Favor and Protection	3.6	Rare	Dark Souls					
item	90	Covetous Gold Serpent Ring	4.5	Elite	Dark Souls					
item	91	Ring of the Sun Princess	4.2	Elite	Dark Souls					
item	92	Slumbering Dragoncrest Ring	2.9	Uncommon	Dark Souls					
item	93	Cloranthy Ring	2.4	Uncommon	Dark Souls					
item	94	Red Stoneplate Ring	2.5	Uncommon	Dark Souls					
item	95	Blue Stoneplate Ring	2.4	Uncommon	Dark Souls					
item	96	Yellow Stoneplate Ring	2.8	Uncommon	Dark Souls					
item	97	Speckled Stoneplate Ring	3.2	Rare	Dark Souls					
item	98	Ring of Steel Protection	2.8	Uncommon	Dark Souls					
item	99	Energy Drink	2.6	Uncommon	Generic					
item	100	Cloak of Billowing	0.8	Trash	DnD					
item	101	Wardrobe of Mending	1.8	Common	Generic					
item	102	Sakuya Fumo	2.5	Uncommon	Generic					
item	103	Dread Helm	0.7	Trash	DnD					
item	104	Cleaning Stone	1.2	Common	DnD					
item	105	All-purpose tool	0.9	Trash	DnD					
item	106	Amulet of Health	1.5	Common	Generic					
item	107	Magical Beans	3.5	Rare	Generic					
item	108	Special Tattoo Kit	3.5	Rare	Generic					
item	109	The Collar of Obedience	2.7	Uncommon	Generic					
item	110	Unbreakable Shield	4.1	Elite	Generic					
item	111	Mystery of the Night Sky	5.3	Epic	Black Souls					
item	112	Can of Febreze	0.1	Trash	Generic					
item	113	Meeseeks Box	4.5	Elite	Rick and Morty					
item	114	Monstergirls and You	3.3	Rare	Generic	REF				
item	115	Magic Scroll Blizzard	1.7	Common	Generic					
item	116	Exorcist's Gloves	1.1	Common	Generic					
item	117	Tome of Rennala	4.0	Elite	Elden Ring					
item	118	Tome of Deathblight	4.1	Elite	Elden Ring					
item	119	Perfect Decoy	1.6	Common	Generic					
item	120	Tome of Raya Lucaria	3.8	Rare	Elden Ring					
item	121	Tome of the Starscourge	4.7	Elite	Elden Ring					
item	122	Cruise Ship	3.0	Rare	Generic					
item	123	Tank	1.2	Common	Generic					
item	124	Pocket Armory	2.2	Uncommon	Generic					
item	125	Servant Voucher	5.3	Epic	Fate					
item	126	Stimpack	2.3	Uncommon	Fallout					
item	127	Staff of the Phoenix	5.9	Epic	Generic					
item	128	Moonlight Greatsword	3.1	Rare	Dark Souls					
item	129	Super Crown - Mario	2.3	Uncommon	Generic					
item	130	Crate of Explosives	1.9	Common	Generic					
item	131	Gold Apple	2.4	Uncommon	Minecraft					
item	132	Enchanted Golden Apple	3.4	Rare	Minecraft					
item	133	Grimoire of Wind Magic	4.7	Elite	Black Clover					
item	134	Lightsaber	3.1	Rare	Star Wars					
item	135	Wand of the Ice Fairy	4.7	Elite	Generic					
item	136	Divine Shotgun	3.5	Rare	Generic					
item	137	Druid's Living Wand	3.8	Rare	Generic					
item	138	Movement Ring	3.9	Rare	Generic					
item	139	Pitcher of Eternal water	1.8	Common	Hunter x Hunter					
item	140	Skin Care Hot Springs	3.4	Rare	Generic					
item	141	Apartment in Between	3.7	Rare	Generic					
item	142	Liquor Spring	1.7	Common	Hunter x Hunter					
item	143	Mystery Pond	3.2	Rare	Hunter x Hunter					
item	144	Golden Scales	6.9	Legendary	Hunter x Hunter					
item	145	Angel's Breath	4.8	Elite	Hunter x Hunter					
item	146	Poltergeist's Pillow	2.5	Uncommon	Hunter x Hunter					
item	147	X-ray Goggles	1.9	Common	Hunter x Hunter					
item	148	Book of VIP Passes	3.5	Rare	Hunter x Hunter					
item	149	Hormone Cookies	1.6	Common	Hunter x Hunter					
item	150	Recycling Can	4.5	Elite	Generic					
item	151	Hideout Realtor	2.1	Uncommon	Hunter x Hunter					
item	152	Long Lost Delivery	1.9	Common	Hunter x Hunter					
item	153	Witch's Rejuvenation Potion	2.9	Uncommon	Hunter x Hunter					
item	154	Doyen's Growth Pills	1.1	Common	Hunter x Hunter					
item	155	Doyen's Virility Pills	1.4	Common	Hunter x Hunter					
item	156	Doyen's Hair Cream	1.0	Common	Hunter x Hunter					
item	157	Mad Scientist's Steroids	3.7	Rare	Hunter x Hunter					
item	158	Levitation Necklace	2.4	Uncommon	Generic					
item	159	Hero's Bandages	2.1	Uncommon	Generic					
item	160	Fairy Powder	1.8	Common	Black Souls					
item	161	Scrap Iron Candy	1.4	Common	Black Souls					
item	162	Hlanith Wine	3.7	Rare	Black Souls					
item	163	Star Fluid	5.3	Epic	Black Souls					
item	164	Phantom Thief's Mantle	3.2	Rare	Black Souls					
item	165	Evil Eye Ring	2.2	Uncommon	Black Souls					
item	166	Hydrogen Bomb	3.8	Rare	Generic					
item	167	Cheshire Cat's ring	2.1	Uncommon	Black Souls					
item	168	Wind Gods Ring	3.3	Rare	Black Souls					
item	169	Thief's Ring	3.6	Rare	Generic					
item	170	Windless Wrap	4.8	Elite	Black Souls					
item	171	0 - The Fool	3.5	Rare	Generic					
item	172	I - The Magician	4.5	Elite	Generic					
item	173	II - The High Priestess	3.6	Rare	Generic					
item	174	III - The Empress	4.1	Elite	Generic					
item	175	IV - The Emperor	4.2	Elite	Generic					
item	176	V - The Hierophant	3.4	Rare	Generic					
item	177	VI - The Lovers	5.1	Epic	Generic					
item	178	VII - The Chariot	3.7	Rare	Generic					
item	179	VIII - Strength	3.6	Rare	Generic					
item	180	IX - The Hermit	2.7	Uncommon	Generic					
item	181	X - Wheel of Fortune	2.5	Uncommon	Generic					
item	182	XI - Justice	3.0	Rare	Generic					
item	183	XII - The Hanged Man	1.5	Common	Generic					
item	184	XIII - Death	5.4	Epic	Generic					
item	185	XIV - Temperance	1.9	Common	Generic					
item	186	XV - The Devil	3.5	Rare	Generic					
item	187	XVI - The Tower	4.3	Elite	Generic					
item	188	XVII - The Star	4.3	Elite	Generic					
item	189	XVIII - The Moon	3.8	Rare	Generic					
item	190	XIX - The Sun	4.0	Elite	Generic					
item	191	XX - Judgement	1.9	Common	Generic					
item	192	XXI - The World	5.0	Epic	Generic					
item	193	Volcano	2.8	Uncommon	Terraria					
item	194	Starlight	3.6	Rare	Terraria					
item	195	Ghastly Glaive	3.8	Rare	Terraria					
item	196	North Pole	4.1	Elite	Terraria					
item	197	Daybreak	4.7	Elite	Terraria					
item	198	Sunfury	3.2	Rare	Terraria					
item	199	Blue Moon	1.7	Common	Terraria					
item	200	Ice Blade	2.8	Uncommon	Terraria					
item	201	Space Dolphin Machine Gun	3.8	Rare	Terraria					
item	202	Onyx Blaster	2.9	Uncommon	Terraria					
item	203	Death's Sickle	4.2	Elite	Terraria					
item	204	Inferno Fork	4.1	Elite	Terraria					
item	205	Last Prism	5.4	Epic	Terraria					
item	206	Holy Water	3.2	Rare	Generic					
item	207	Golden Cross	2.6	Uncommon	Generic					
item	208	Super Absorbent Sponge	1.4	Common	Terraria					
item	209	Heavy Blade	2.9	Uncommon	Generic					
item	210	Metal Gear Excelsus	6.7	Legendary	Metal Gear					
item	211	The Straw Hat	0.7	Trash	One Piece					
item	212	Modified Compound V	3.4	Rare	The Boys	REF				
item	213	Sharingan Jar	4.5	Elite	Naruto					
item	214	Byakugan Jar	4.4	Elite	Naruto					
item	215	Iron Man Armor Mark III	3.7	Rare	Marvel					
item	216	Infinity Gauntlet	2.6	Uncommon	Marvel					
item	217	Greed's Coin	4.8	Elite	Generic					
item	218	Durable Baseball Bat	1.8	Common	Generic					
item	219	Combat Armor	3.6	Rare	Generic					
item	220	Kamui Senketsu	7.3	Mythical	Kill La Kill					
item	221	Goku Uniform 1star	2.7	Uncommon	Kill La Kill					
item	222	Goku Uniform 2star	3.8	Rare	Kill La Kill					
item	223	Goku Uniform 3star	5.5	Epic	Kill La Kill					
item	224	Your Laptop	3.6	Rare	Generic					
item	225	Infinite Bowl of Spaghetti	1.5	Common	Generic					
item	226	Kanaedas Bike	1.3	Common	Akira					
item	227	Any Vehicle Voucher	3.1	Rare	Generic					
item	228	Refined Heart-Shaped Herb	4.3	Elite	MCU					
item	229	Senzu Bean	5.9	Epic	Dragon Ball					
item	230	Unknown Mask	3.4	Rare	Generic					
item	231	Monster Cell	6.7	Legendary	One Punch Man					
item	232	Ability Ticket	5.5	Epic	Generic					
item	233	Trait Ticket	5.2	Epic	Generic					
item	234	Skill Ticket	5.1	Epic	Generic					
item	235	Uroboros Virus	4.6	Elite	Resident Evil					
item	236	Tvirus	3.3	Rare	Resident Evil					
item	237	Modified Tvirus	5.8	Epic	Resident Evil					
item	238	The Beherit	2.5	Uncommon	Berserk					
item	239	Chekhov's Box	3.9	Rare	Generic					
item	240	Cloak of Levitation	4.6	Elite	Marvel					
item	241	Plague Canister	5.7	Epic	Calamity Mod					
item	242	Mehrunes Razor	7.1	Mythical	Skyrim					
item	243	Skeleton Key	8.2	Divine	Skyrim					
item	244	Cloak of Invisibility	2.4	Uncommon	Harry Potter					
item	245	Annihilation Maker	7.6	Mythical	DxD					
item	246	Unknown Dictator	5.8	Epic	DxD					
item	247	Zenith Tempest	7.6	Mythical	DxD					
item	248	Star Buster Blaster	7.0	Mythical	DxD					
item	249	Canis Lycaon	6.1	Legendary	DxD					
item	250	True Longinus	7.4	Mythical	DxD					
item	251	Telos Karma	8.5	Divine	DxD	REF				
item	252	Regulus Nemea	6.2	Legendary	DxD					
item	253	Nereid Kyre	7.4	Mythical	DxD					
item	254	Can of Pain	1.5	Common	Generic					
item	255	Nights Edge	4.2	Elite	Terraria					
item	256	Moonveil	3.5	Rare	Elden Ring					
item	257	Malikeths Black Blade	5.7	Epic	Elden Ring					
item	258	Beginners Guide to Runecraft	3.3	Rare	Fate					
item	259	Grow Your Own Golem Kit	3.2	Rare	Generic					
item	260	Cape of Rebellion	4.2	Elite	Generic					
item	261	Halo of Light	5.6	Epic	Generic					
item	262	Devil Horns	3.2	Rare	Generic					
item	263	Blade of Hatred	4.0	Elite	Generic					
item	264	Brass Knuckles	0.4	Trash	Generic					
item	265	Ring of the Paladin	4.2	Elite	Generic					
item	266	Earplugs	1.0	Common	Generic					
item	267	Second Face	2.4	Uncommon	Generic					
item	268	Mirror Blade	4.2	Elite	Generic					
item	269	Amulet of Imitation	3.7	Rare	Generic					
item	270	Light Sword	1.6	Common	Generic					
item	271	Private Jet	3.7	Rare	Generic					
item	272	Charismatic Sunglasses	1.3	Common	Generic					
item	273	Sword of Judgement	3.8	Rare	Hota					
item	274	The Armageddon Blade	5.4	Epic	Hota					
item	275	Sword of Hellfire	3.3	Rare	Hota					
item	276	Angellic Alliance	6.0	Legendary	Hota					
item	277	Titans Thunder	5.5	Epic	Hota					
item	278	Armor of the Dammed	5.8	Epic	Hota					
item	279	Power of the Dragon Father	5.3	Epic	Hota					
item	280	Spellbinders Hat	5.7	Epic	Hota					
item	281	Admirals Hat	4.9	Elite	Hota					
item	282	Cloak of Silence	3.6	Rare	Hota	REF				
item	283	Cape of Velocity	3.8	Rare	Hota					
item	284	Cloak of the Undead King	5.3	Epic	Hota					
item	285	Charm of Eclipse	3.4	Rare	Hota					
item	286	Wizards Well	4.9	Elite	Hota					
item	287	Orb of Silt	3.5	Rare	Hota					
item	288	Orb of Firmament	3.9	Rare	Hota					
item	289	Orb of Driving Rain	3.8	Rare	Hota					
item	290	Orb of Tempestuous Fire	3.6	Rare	Hota					
item	291	Tome of Air	6.2	Legendary	Hota					
item	292	Tome of Earth	5.8	Epic	Hota					
item	293	Tome of Water	5.6	Epic	Hota					
item	294	Tome of Fire	4.9	Elite	Hota					
item	295	Sphere of Permanence	3.9	Rare	Hota					
item	296	Orb of Vulnerability	5.2	Epic	Hota	REF				
item	297	Angel Feather Arrows	3.4	Rare	Hota					
item	298	Vial of Lifeblood	3.6	Rare	Hota					
item	299	Elixir of Life	6.2	Legendary	Hota					
item	300	Endless Purse of Gold	4.0	Elite	Hota					
item	301	Horn of the Abyss	6.9	Legendary	Hota					
item	302	Archmages Robes	4.4	Elite	Generic					
item	303	Altar of Fire	3.7	Rare	Hota					
item	304	Altar of Air	4.1	Elite	Hota					
item	305	Altar of Water	3.5	Rare	Hota					
item	306	Elemental Conflux	5.0	Epic	Hota					
item	307	Pyre	5.3	Epic	Hota					
item	308	Dragon's Hoard	5.9	Epic	Generic					
item	309	Dragon Utopia	7.7	Mythical	Hota					
item	310	Hydra Pond	4.8	Elite	Hota					
item	311	Nymph Waterfall	2.4	Uncommon	Hota					
item	312	Maelstrom	4.9	Elite	Hota					
item	313	Magic Forest	6.8	Legendary	Hota					
item	314	Crystal Cave	6.3	Legendary	Hota					
item	315	Frozen Cliffs	7.2	Mythical	Hota					
item	316	Cloud Temple	5.1	Epic	Hota					
item	317	Experimental Shop	6.2	Legendary	Hota					
item	318	Portal of Glory	5.7	Epic	Hota					
item	319	Garden of Revelations	3.1	Rare	Generic					
item	320	Fountain of Youth	3.2	Rare	Generic					
item	321	Magic Spring	3.9	Rare	Hota					
item	322	Marika's Hammer	3.2	Rare	Elden Ring					
item	323	Sacrificial Doll	3.7	Rare	Generic					
item	324	Relic Gold	2.1	Uncommon	Generic					
item	325	Stack of Gold Bars	1.5	Common	Generic					
item	326	Greedy Ring	3.5	Rare	Generic					
item	327	Gold Ring Gift	1.0	Common	Generic					
item	328	Chlorophyte Bar	3.9	Rare	Calamity Mod					
item	329	Aerolite Bar	2.6	Uncommon	Calamity Mod					
item	330	Astral Bar	4.2	Elite	Calamity Mod					
item	331	Broken Biome Blade	2.8	Uncommon	Calamity Mod					
item	332	Roxcalibur	3.3	Rare	Calamity Mod					
item	333	Sahara Slicers	2.4	Uncommon	Calamity Mod					
item	334	Unbreakable Blade	3.0	Rare	Generic					
item	335	Bag of Endless Coins	3.4	Rare	Generic					
item	336	Endless Bag of Ninja Supplies	3.6	Rare	Generic					
item	337	Portable Supercomputer	4.8	Elite	Generic					
item	338	Bag of Ore	3.8	Rare	Generic					
item	339	Portable Pharmacy	3.2	Rare	Generic					
item	340	Droid Factory	4.8	Elite	Star Wars					
item	341	Flowing Water Crushing Rock Fist Manual	6.8	Legendary	One Punch Man					
item	342	Grimoire of Izalith	4.6	Elite	Dark Souls					
item	343	Tome of the Way of the White	3.6	Rare	Dark Souls					
item	344	Tome of Orbeck	4.7	Elite	Dark Souls					
item	345	Rites of the Dragon Communion	5.4	Epic	Elden Ring					
item	346	Rites of the Dragon Cult	4.9	Elite	Elden Ring					
item	347	Capsule Case	4.7	Elite	Dragon Ball					
item	348	Rites of the Erdtree	5.2	Epic	Elden Ring					
item	349	Grimoire of Spatial Magic	6.8	Legendary	Black Clover					
item	350	Grimoire of Lightning Magic	5.0	Epic	Black Clover					
item	351	Grimoire of Water Magic	4.7	Elite	Black Clover					
item	352	Grimoire of Ice Magic	4.5	Elite	Black Clover					
item	353	Grimoire of Darkness Magic	6.5	Legendary	Black Clover					
item	354	Grimoire of Light Magic	6.4	Legendary	Black Clover					
item	355	Familiar Contract	3.3	Rare	Generic					
item	356	Master Blacksmith Commission	4.0	Elite	Generic					
item	357	Giant Ominous Floating Obsidian Sphere	4.5	Elite	Generic					
item	358	Beauty Perfume	2.8	Uncommon	Generic					
item	359	Bellowing Dragoncrest Ring	3.6	Rare	Dark Souls					
item	360	Dusk Crown Ring	4.0	Elite	Dark Souls					
item	361	Great Swamp Ring	2.9	Uncommon	Dark Souls					
item	362	Chaos Witch's Ring	3.8	Rare	Generic					
item	363	Sage's Ring	3.1	Rare	Dark Souls					
item	364	Sahelanthropus	5.1	Epic	Metal Gear					
item	365	Twilight Healing	4.8	Elite	DxD					
item	366	Gravity Jail	3.8	Rare	DxD					
item	367	Boosted Gear	7.9	Mythical	DxD					
item	368	Divine Dividing	7.8	Mythical	DxD					
item	369	Holy Collider	6.0	Legendary	Calamity Mod					
item	370	Jackal & Casull	3.7	Rare	Hellsing					
item	371	Dragon Slayer	2.6	Uncommon	Berserk					
item	372	Wastelanders Survival Kit	2.5	Uncommon	Fallout					
item	373	The Courier's Stash	1.5	Common	Fallout					
item	374	Hei Gui Stealth Suit	2.8	Uncommon	Fallout					
item	375	Feng Shui Engine	4.3	Elite	Street Fighter					
item	376	Enma	4.4	Elite	One Piece					
item	377	Shusui	3.6	Rare	One Piece					
item	378	Pip-Boy 3000	2.4	Uncommon	Fallout					
item	379	Power Fist	1.1	Common	Fallout					
item	380	Rasaka's Fang	3.5	Rare	Solo Leveling					
item	381	Rasaka's Venom	3.4	Rare	Solo Leveling					
item	382	Knight Killer	2.7	Uncommon	Solo Leveling					
item	383	Baruka's Dagger	2.9	Uncommon	Solo Leveling					
item	384	Demon King's Daggers	3.1	Rare	Solo Leveling					
item	385	Demon King's Longsword	4.2	Elite	Solo Leveling					
item	386	Kamish's Wrath	4.7	Elite	Solo Leveling					
item	387	Teleportation Amulet	4.4	Elite	Generic					
item	388	Divine Crucifix	3.8	Rare	Generic					
item	389	Telepathic Implant	3.6	Rare	Invincible					
item	390	Ripperdoc Ticket	4.2	Elite	Cyberpunk 2077					
item	391	Clover Amulet	4.6	Elite	Generic					
item	392	Holy Antidote	2.6	Uncommon	Generic					
item	393	Sandevistan	4.6	Elite	Cyberpunk 2077					
item	394	Omni Phone	3.3	Rare	Generic					
item	395	Ender Pearl	3.2	Rare	Minecraft					
item	396	Character Card Wolverine	5.0	Epic	Generic					
item	397	Bronze Heart Ticket	1.5	Common	Generic					
item	398	Silver Heart Ticket	2.5	Uncommon	Generic					
item	399	Gold Heart Ticket	3.5	Rare	Generic					
item	400	Royal Heart Ticket	4.5	Elite	Generic					
item	401	Cupid's Ticket	5.5	Epic	Generic					
item	402	Auto Doc	3.9	Rare	Fallout					
item	403	Blight Spewer	5.7	Epic	Calamity Mod					
item	404	Shadethrower	3.6	Rare	Calamity Mod					
item	405	Heavenly Gale	7.8	Mythical	Calamity Mod					
item	406	Telluric Gale	6.2	Legendary	Calamity Mod					
item	407	The Storm	4.7	Elite	Calamity Mod					
item	408	Hoarfrost Bow	4.2	Elite	Calamity Mod					
item	409	Lunarian Bow	3.6	Rare	Calamity Mod					
item	410	Phoenix Feather	6.6	Legendary	Black Souls					
item	411	Grimm Pool	4.7	Elite	RWBY					
item	412	The Stand Arrow	5.1	Epic	JoJo					
item	413	Wolverine's Skeleton	3.4	Rare	Marvel					
item	414	Nano Machine Heart	6.4	Legendary	Metal Gear Rising Revengeance					
item	415	Danzo's Right Arm	6.5	Legendary	Naruto					
item	416	Hashirama Cells	5.4	Epic	Naruto					
item	417	Rinnegan Jar	7.2	Mythical	Naruto					
item	418	Fire Release Jutsu Scroll	5.2	Epic	Naruto					
item	419	Water Release Jutsu Scroll	5.6	Epic	Naruto					
item	420	Wind Release Jutsu Scroll	6.0	Legendary	Naruto					
item	421	Earth Release Jutsu Scroll	5.5	Epic	Naruto					
item	422	Lightning Release Jutsu Scroll	5.7	Epic	Naruto					
item	423	T-51b Power Armor	2.6	Uncommon	Fallout					
item	424	Gene Seed Ticket	4.2	Elite	Warhammer 40k					
item	425	Justice's Shades	1.8	Common	Helltaker					
item	426	E-11 medium blaster rifle	2.7	Uncommon	Star Wars					
item	427	Soul Solid	2.4	Uncommon	One Piece					
item	428	Wado Ichimonji	3.4	Rare	One Piece					
item	429	Tozama	1.7	Common	Jujutsu Kaisen					
item	430	Split Soul Katana	5.2	Epic	Jujutsu Kaisen					
item	431	Repair Powder	2.5	Uncommon	Dark Souls					
item	432	Threaded Cane	1.7	Common	Bloodborne					
item	433	Chikage	2.4	Uncommon	Bloodborne					
item	434	Holy Moonlight Sword	4.0	Elite	Bloodborne					
item	435	Reiterpallasch	2.0	Uncommon	Bloodborne					
item	436	Saw Cleaver	1.6	Common	Bloodborne					
item	437	Bottle of Infinite Lotion	1.4	Common	Generic					
item	438	Power Pole	3.0	Rare	Dragon Ball					
item	439	Kubikiribocho	2.2	Uncommon	Naruto					
item	440	Malorian Overture	2.0	Uncommon	Cyberpunk 2077					
item	441	Deed to Land	2.4	Uncommon	Generic					
item	442	Deed to Mansion	3.8	Rare	Generic					
item	443	Door to Jail	5.8	Epic	Generic	REF				
item	444	Five Hundred Cigarettes	0.5	Trash	Generic					
item	445	Rust Bucket	3.7	Rare	Ben 10					
item	446	Transformer Spark	4.4	Elite	Transformers					
item	447	ColorS	1.2	Common	Fairy Tail					
item	448	Gale Force Reading Glasses	2.7	Uncommon	Fairy Tail					
item	449	Music Player	1.6	Common	Generic					
item	450	Archenemy	5.7	Epic	Fairy Tail					
item	451	Magic Ticket	4.7	Elite	Fairy Tail					
item	452	FEV Vat	4.0	Elite	Fallout					
item	453	Null Void Projector	6.8	Legendary	Ben 10					
item	454	Tome of Destruction	3.7	Rare	Skyrim					
item	455	Tome of Restoration	4.6	Elite	Skyrim					
item	456	Tome of Conjuration	5.7	Epic	Skyrim					
item	457	Tome of Alteration	4.9	Elite	Skyrim					
item	458	Tome of Illusion	4.2	Elite	Skyrim					
item	459	Potara Earrings	5.5	Epic	Dragon Ball					
item	460	Celestial Bronze	2.6	Uncommon	Percy Jackson					
item	461	Stygian Iron	3.4	Rare	Percy Jackson					
item	462	Ebony Blade	5.7	Epic	Skyrim					
item	463	Emperor's Blade	6.4	Legendary	Samurai Jack					
item	464	Stopwatch	8.5	Divine	Generic	REF				
item	465	Rick's Portal Gun	7.2	Mythical	Rick and Morty					
item	466	Ring of the Bull	3.1	Rare	Generic					
item	467	Riptide	2.2	Uncommon	Percy Jackson					
item	468	Helm of Darkness	5.8	Epic	Percy Jackson					
item	469	Hyperbolic Time Chamber	5.8	Epic	Dragon Ball					
item	470	Weapon Voucher	1.3	Common	Generic					
item	471	Nail of Helena	7.0	Mythical	Hellsing					
item	472	Dragon Dictionary	6.1	Legendary	Skyrim					
item	473	Cupid's Arrow	6.8	Legendary	Generic	REF				
item	474	Hand of Midas	5.8	Epic	Generic					
item	475	FREAK Chip	5.0	Epic	Hellsing					
item	476	Retroactive Builders Contract	3.0	Rare	Generic					
item	477	Mansion of the Boundary	8.8	Divine	Generic	REF				
item	478	Plague Reaper Armor	6.4	Legendary	Calamity Mod					
item	479	Wulfrum Armor	2.8	Uncommon	Calamity Mod					
item	480	Photon Ripper	5.9	Epic	Calamity Mod					
item	481	Master Ninja's Belt	3.4	Rare	Generic					
item	482	Smoke Bomb	2.7	Uncommon	Generic					
item	483	ASTER Augmentation Ticket	3.6	Rare	Halo					
item	484	MJOLNIR Powered Assault Armor IV	4.0	Elite	Halo					
item	485	Ultimate Nullifier	9.8	Transcendent	Marvel					
item	486	The Infinity Gauntlet	9.9	Transcendent	Marvel					
item	487	Chaos Card	7.0	Mythical	Binding of Isaac					
item	488	Ring of the Shooting Star	7.3	Mythical	Overlord					
item	489	Sukuna's Finger	3.0	Rare	Jujutsu Kaisen					
item	490	Sukuna's Fingers	5.1	Epic	Jujutsu Kaisen					
item	491	Eye of Agamotto	8.8	Divine	Marvel					
item	492	Power Stone	8.0	Divine	Marvel					
item	493	Soul Stone	8.1	Divine	Marvel					
item	494	Shadow Perfume	1.5	Common	Generic					
item	495	Ring of Suppression	2.5	Uncommon	Generic					
item	496	Neuralyzer	3.8	Rare	Men in Black					
item	497	Jarate Training Kit	0.8	Trash	Team Fortress 2					
item	498	1 UP	6.1	Legendary	Mario					
item	499	Portal Gun	3.4	Rare	Portal					
item	500	Gordon's Crowbar	1.4	Common	Half Life					
item	501	Stamin-Up	1.8	Common	Call of Duty					
item	502	Deadshot Daiquiri	2.2	Uncommon	Call of Duty					
item	503	Vulture's Aid	2.4	Uncommon	Call of Duty					
item	504	Melee Macchiato	2.7	Uncommon	Call of Duty					
item	505	Juggernog	2.5	Uncommon	Call of Duty					
item	506	Speed Cola	1.7	Common	Call of Duty					
item	507	Death Perception	2.0	Uncommon	Call of Duty					
item	508	Bonk!	3.4	Rare	Team Fortress 2					
item	509	Homerun	2.0	Uncommon	Generic					
item	510	Deeds' Bell	2.8	Uncommon	SCP-662	REF				
item	511	Sling Ring	7.0	Mythical	Marvel					
item	512	Psychic Paper	1.6	Common	Doctor Who					
item	513	Holy Grail	6.8	Legendary	Fate	REF				
item	514	Warhammer 40k	2.0	Uncommon	Generic					
item	515	Demon Blood Blade	2.0	Uncommon	Adventure Time					
item	516	Moondrip	4.5	Elite	Fairy Tail					
item	517	God Emperor's Blade	5.8	Epic	Warhammer 40k					
item	518	Salt	0.1	Trash	Generic					
item	519	Snake's Box	2.0	Uncommon	Metal Gear Solid					
item	520	Blades of Chaos	6.8	Legendary	God of War					
item	521	Blade of Olympus	7.5	Mythical	God of War					
item	522	Leviathan Axe	5.0	Epic	God of War					
item	523	Draupnir Spear	4.6	Elite	God of War					
item	524	Canto	3.3	Rare	Cyberpunk					
item	525	Kano's Eye	3.1	Rare	Mortal Kombat					
item	526	Hsu's Cybernetic Heart	4.5	Elite	Mortal Kombat					
item	527	Classic Omnitrix	5.8	Epic	Ben 10					
item	528	Omnitrix	9.3	Transcendent	Ben 10					
item	529	Chaquetrix	6.9	Legendary	Chaquetrix					
item	530	Divine Stone	5.8	Epic	Arifureta					
item	531	Falcon's Eye	1.8	Common	Xiaolin Showdown					
item	532	Mantis Flip Coin	1.5	Common	Xiaolin Showdown					
item	533	Captain's Shield	4.3	Elite	Marvel					
item	534	Guardian Shield	2.5	Uncommon	God of War					
item	535	Shield Saw	3.1	Rare	Doomslayer					
item	536	Feedbacker	5.1	Epic	Ultrakill					
item	537	Marksman Revolver	4.8	Elite	Ultrakill					
item	538	Dust Supply Crate	5.1	Epic	RWBY					
item	539	Crescent Rose	2.2	Uncommon	RWBY					
item	540	Myrtenaster	2.9	Uncommon	RWBY					
item	541	Sento	4.9	Elite	Mortal Kombat					
item	542	Light Cycle	2.2	Uncommon	Tron					
item	543	Robot Workbench	4.6	Elite	Fallout					
item	544	Robot Assembly	5.6	Epic	Generic					
item	545	Web Fluid & Shooters	3.4	Rare	Spider-Man					
item	546	Goblin Glider	2.8	Uncommon	Spider-Man					
item	547	Mechanical Tentacles	3.1	Rare	Spider-Man					
item	548	2008 Menu #4 Cheese and Vegetable Omelette	0.5	Trash	Generic					
item	549	Favour Cheque	4.8	Elite	Generic	REF				
item	550	A Doctor's Appointment	1.6	Common	Generic					
item	551	Tactical Trenchcoat	1.5	Common	Generic					
item	552	Chaos Gacha Promotional Shirt	1.0	Common	Generic					
item	553	Forgiveness Ticket	5.0	Epic	Generic	REF				
item	554	Skeleton in Closet	0.4	Trash	Generic					
item	555	Fairy Dust	1.0	Common	Peter Pan					
item	556	Skippy	1.7	Common	Cyberpunk 2077					
item	557	Herrera Outlaw	1.0	Common	Cyberpunk 2077					
item	558	Regalia	2.1	Uncommon	Final Fantasy					
item	559	Zero Point Energy Gloves	4.2	Elite	Incredibles					
item	560	Demon-Slayer Blade	5.7	Epic	Black Clover					
item	561	The Slaughterhouse	5.0	Epic	Generic					
item	562	Yukari Fumo	4.8	Elite	Touhou					
item	563	Blue Spider Lily	6.3	Legendary	Demon Slayer					
item	564	Volendrung	4.2	Elite	Elder Scrolls					
item	565	Reaper's Census	4.6	Elite	Generic					
item	566	Venom Vial	2.6	Uncommon	Batman/DC					
item	567	Origin Rounds	3.8	Rare	Fate					
item	568	Erza Fumo	2.4	Uncommon	Fairy Tail					
item	569	Lancelot Albion	6.1	Legendary	Code Geass					
item	570	Gurenn Seiken	6.3	Legendary	Code Geass					
item	571	Gawainn	5.8	Epic	Code Geass					
item	572	Sutherland	3.0	Rare	Code Geass					
item	573	Magic Reflecting Mirror	4.8	Elite	Generic					
item	574	Nazar	3.4	Rare	Generic					
item	575	Scooby Snacks	1.2	Common	Scooby Doo					
item	576	Familiar Card	4.8	Elite	Generic	REF				
item	577	Gun Cache	3.5	Rare	Generic					
item	578	Rivers of Blood	2.7	Uncommon	Elden Ring					
item	579	The Jar	2.0	Uncommon	Elden Ring					
item	580	Contract from Below	5.5	Epic	Generic					
item	581	Covenant from Above	5.5	Epic	Generic					
item	582	Dimensional Courier	2.3	Uncommon	Generic	REF				
item	583	Vial of Everflowing Blood	2.5	Uncommon	Generic					
item	584	Ring of Sustenance	3.2	Rare	Generic					
item	585	Morgue	4.0	Elite	Generic					
item	586	Grow Your Own Darkroot Garden Kit	3.4	Rare	Dark Souls					
item	587	Lifeblood Seeds	4.3	Elite	Hollow Knight					
item	588	The Casino	4.3	Elite	Generic					
item	589	Emperor's New Clothes	3.1	Rare	Generic					
item	590	Cookie Jar	1.0	Common	Cookie Clicker					
item	591	Yuuka Fumo	3.4	Rare	Touhou					
item	592	Flintslate	2.0	Uncommon	Silksong					
item	593	Mimic Ore	3.8	Rare	Generic					
item	594	Idiot's Guide to Einzbern Homunculi	3.8	Rare	Fate					
item	595	Idiot's Guide to Amestris Alchemy	4.2	Elite	Fullmetal Alchemist					
item	596	Idiot's Guide to Father's Philosophy	5.2	Epic	Fullmetal Alchemist					
item	597	Chekhov's Gun	1.8	Common	Generic					
item	598	Icon of Greed	5.8	Epic	Generic	REF				
item	599	Heal Juice	6.0	Legendary	Generic	REF				
item	600	Universal Rations	2.3	Uncommon	Generic					
item	601	Pocket Universe	6.1	Legendary	Generic	REF				
item	602	High Roller Suite	4.3	Elite	Generic					
item	603	Fairy Boots	4.6	Elite	Terraria					
item	604	Garden of Eden Seed	3.9	Rare	Generic					
item	605	Uber Fertilizer	3.8	Rare	Generic					
item	606	Staff of Regrowth	3.5	Rare	Terraria					
item	607	Reroll Chip	3.8	Rare	Generic	REF				
item	608	Vibranium Weave Patch	4.2	Elite	MCU					
item	609	The Rock	1.5	Common	Generic					
item	610	One Million Buzzsaws	2.5	Uncommon	Hollow Knight					
item	611	Instant Death Soup	2.7	Uncommon	Generic	REF				
item	612	Very Hot Soup	3.1	Rare	Generic					
item	613	Morphing Blade	1.4	Common	Generic					
item	614	Escape Ticket	1.6	Common	Generic					
item	615	Gun Voucher	1.6	Common	Generic					
item	616	Earring of Hearing	1.7	Common	Generic					
item	617	Hawk Glasses	1.8	Common	Generic					
item	618	Hound Collar	1.8	Common	Generic					
item	619	Horseshoe Necklace	1.9	Common	Generic					
item	620	Ghost Blade	1.2	Common	Dark Souls					
item	621	Black Knight Set	1.4	Common	Dark Souls					
item	622	Perfume Pouch	2.1	Uncommon	Elden Ring					
item	623	Explosive Tag Deck	1.8	Common	Naruto					
item	624	Eochaid's Dancing Blade	2.2	Uncommon	Elden Ring					
item	625	Sword of St. Trina	3.1	Rare	Elden Ring					
item	626	Velvet Sword	5.1	Epic	Elden Ring					
item	627	Ferryman's Favor	3.7	Rare	Generic	REF				
item	628	Sentry Turrets	1.1	Common	Portal					
item	629	Barrel of Everflowing Oil	1.9	Common	Generic					
item	630	Job Application Form	1.5	Common	Generic					
item	631	Ancient Fruit Wine	1.0	Common	Stardew Valley					
item	632	Satchel of Seeds	2.2	Uncommon	Generic					
item	633	Dunce Cap	0.2	Trash	Generic					
item	634	Hera's Breastmilk	4.2	Elite	Generic	REF				
item	635	Mystic Eye Killers	1.6	Common	Type Moon					
item	636	Nichirin Ingots	1.7	Common	Demon Slayer					
item	637	Relic of Knowledge	4.7	Elite	RWBY	REF				
item	638	Desert Key	3.2	Rare	Generic					
item	639	Forest Key	4.2	Elite	Generic					
item	640	Beach Key	4.4	Elite	Generic					
item	641	Tundra Key	3.4	Rare	Generic					
item	642	Dust Mines Key	5.2	Epic	Generic					
item	643	Magic Lake Key	4.6	Elite	RWBY					
item	644	Hot Springs Key	4.1	Elite	Generic					
item	645	Apartments Key	5.1	Epic	Generic					
item	646	Silver Samurai Armor	5.1	Epic	The Wolverine/MCU					
item	647	Psycho	1.1	Common	Fallout					
item	648	Mentats	2.0	Uncommon	Fallout					
item	649	Buffout	1.9	Common	Fallout					
item	650	Super Rod	1.5	Common	Pokemon					
item	651	Dragonslayer Spear	2.6	Uncommon	Dark Souls					
item	652	Cipher Pata	1.7	Common	Elden Ring					
item	653	Crystal Spear	1.5	Common	Elden Ring					
item	654	Pharis' Bow	1.8	Common	Dark Souls					
item	655	Glock	0.7	Trash	Generic					
item	656	Darkmoon Bow	2.6	Uncommon	Dark Souls					
item	657	Silver Spoon	1.3	Common	Generic					
item	658	Irithyll Knight Set	2.8	Uncommon	Dark Souls					
item	659	Vordt's Great Hammer	2.4	Uncommon	Dark Souls					
item	660	Sunlight Sword	2.7	Uncommon	Dark Souls					
item	661	Reduvia	2.0	Uncommon	Elden Ring					
item	662	Dragonslayer Swordspear	3.8	Rare	Dark Souls					
item	663	Holy Hand Grenade of Antioch	1.8	Common	Monty Python					
item	664	Arc Reactor	4.1	Elite	MCU					
item	665	Vorpan	1.6	Common	Dead Cells					
item	666	Costume Wardrobe	1.8	Common	Generic					
item	667	Golden Apple Tree	4.8	Elite	Minecraft					
item	668	Gag of Silence	1.8	Common	Generic					
item	669	Veil of Invisibility	1.2	Common	Generic					
item	670	Feline Attachment	1.6	Common	Generic					
item	671	Bondage of Enduring	1.1	Common	Generic					
item	672	Bunny's Blessings	1.5	Common	Generic					
item	673	Prayer Beads	1.6	Common	Generic					
item	674	Whip of Ecstasy	2.3	Uncommon	Generic					
item	675	Helltaker's Apron	1.4	Common	Helltaker					
item	676	Second Skin	2.1	Uncommon	Generic					
item	677	Bucket of Milk	3.8	Rare	Minecraft	REF				
item	678	Shikai - Ryujin Jakka	4.7	Elite	Bleach					
item	679	Bankai - Ryujin Jakka	7.3	Mythical	Bleach					
item	680	Shikai - Shinso	3.2	Rare	Bleach					
item	681	Bankai - Shinso	5.6	Epic	Bleach					
item	682	Shikai - Kyokai Suigetsu	7.0	Mythical	Bleach					
item	683	Shikai - Minazuki	4.3	Elite	Bleach					
item	684	Bankai - Minazuki	6.5	Legendary	Bleach					
item	685	Shikai - Tachikaze	3.6	Rare	Bleach					
item	686	Bankai - Tachikaze	5.4	Epic	Bleach					
item	687	Shikai - Gonryomaru	4.6	Elite	Bleach					
item	688	Bankai - Gonryomaru	6.2	Legendary	Bleach					
item	689	Asauchi	2.8	Uncommon	Bleach					
item	690	Hell Hammer	4.1	Elite	Generic					
item	691	Exorcists Mace	3.4	Rare	Generic					
item	692	Clergy Ring	2.5	Uncommon	Generic					
item	693	Thalasin	2.0	Uncommon	Generic	REF				
item	694	Evil Ring	0.2	Trash	Generic					
item	695	Heavy Rock	0.5	Trash	Generic					
item	696	Farmland Key	5.2	Epic	Generic					
item	697	Element Zero	4.8	Elite	Mass Effect					
item	698	Ahzidial	4.2	Elite	Skyrim					
item	699	Zahkriisos	4.1	Elite	Skyrim					
item	700	Dukaan	4.0	Elite	Skyrim					
item	701	Otar	4.1	Elite	Skyrim					
item	702	Stormbreaker	7.2	Mythical	MCU					
item	703	The Trumpet of Apocalypse	7.7	Mythical	Generic					
item	704	Can of Whoopass	3.0	Rare	Generic	REF				
item	705	Hephaestus' Forge Key	4.7	Elite	Generic					
item	706	Shrimp Fried Rice	0.2	Trash	Generic					
item	707	Safeguard Ring	3.6	Rare	Generic					
item	708	Kitchen Gun	0.8	Trash	Generic					
item	709	Loud Ring of Invisibility	0.5	Trash	Generic					
item	710	Clergy Robes	1.4	Common	Generic					
item	711	One Day Blinding Stew	0.5	Trash	Generic					
item	712	Clown Nose	0.1	Trash	Generic					
item	713	Sword of the Storm	2.6	Uncommon	Xiaolin Showdown					
item	714	Third Arm Sash	1.9	Common	Xiaolin Showdown					
item	715	Ascalon	9.6	Transcendent	Ben 10	REF				
item	716	Duffel of Hardware	3.6	Rare	Generic					
item	717	The Market Catalogue	3.8	Rare	Generic					
item	718	Surplus Stockpile	2.9	Uncommon	Generic					
item	719	Box of Scraps	3.8	Rare	Generic					
item	720	Scrapyard	4.2	Elite	Generic					
item	721	Peach Tree	1.6	Common	Chinese Myth					
item	722	Thirty Dollars	0.3	Trash	Generic					
item	723	Life Fiber Loom	5.9	Epic	Generic					
item	724	Flesh Eater Core	5.2	Epic	Xenoblade					
item	725	Empty Key	5.0	Epic	Generic					
item	726	Clarent	5.6	Epic	Fate					
item	727	Flesh Prison	5.0	Epic	Ultrakill					
item	728	Jason's Mask	0.2	Trash	Friday the 13th					
item	729	Green Spandex	1.8	Common	Naruto					
item	730	The House of Leaves	5.2	Epic	House of Leaves					
item	731	The Dragon Balls	6.4	Legendary	Dragon Ball					
item	732	Pika Pika no Mi	8.0	Divine	One Piece					
item	733	Magu Magu no Mi	7.2	Mythical	One Piece					
item	734	Hie Hie no Mi	7.0	Mythical	One Piece					
item	735	Bashonen	4.7	Elite	Naruto					
item	736	Sword of the Thundergod	4.5	Elite	Naruto					
item	737	Knuckleblaster	3.8	Rare	Ultrakill					
item	738	The Slave Waiver	4.6	Elite	Generic					
item	739	Phone A Friend	2.4	Uncommon	Generic	REF				
item	740	Ejaculatte	2.5	Uncommon	Generic					
item	741	The Census	6.8	Legendary	Generic					
item	742	Extremely Loud Metal Pipe	0.4	Trash	Generic					
item	743	Hell Taxes	2.6	Uncommon	Generic					
item	744	Heaven Taxes	2.8	Uncommon	Generic					
item	745	Hircine's Ring	3.4	Rare	Skyrim					
item	746	Physician's Ring	1.8	Common	Generic					
item	747	Leather Bag of Holding	0.9	Trash	Generic					
item	748	Bronze Bag of Holding	1.5	Common	Generic					
item	749	Silver Bag of Holding	2.4	Uncommon	Generic					
item	750	Golden Bag of Holding	3.6	Rare	Generic					
item	751	Platinum Bag of Holding	4.2	Elite	Generic					
item	752	Diamond Bag of Holding	5.3	Epic	Generic					
item	753	Gate of Holding	6.8	Legendary	Generic					
item	754	Tobimune	6.3	Legendary	Kagurabachi					
item	755	Cloud Gouger	6.1	Legendary	Kagurabachi					
item	756	Arata	5.6	Epic	Tokyo Ghoul					
item	757	Rubicante	4.5	Elite	Akame ga Kill					
item	758	Pumpkin	5.2	Epic	Akame ga Kill					
item	759	Shambala	5.1	Epic	Akame ga Kill					
item	760	L'Arc Qui Ne Faut	4.3	Elite	Akame ga Kill					
item	761	Cross Tail	5.0	Epic	Akame ga Kill					
item	762	Erastone	5.1	Epic	Akame ga Kill					
item	763	Yatsufusa	4.6	Elite	Akame ga Kill					
item	764	Spectator	5.4	Epic	Akame ga Kill					
item	765	Absordex	3.9	Rare	Akame ga Kill					
item	766	Grand Chariot	6.0	Legendary	Akame ga Kill					
item	767	Incursio	7.2	Mythical	Akame ga Kill					
item	768	Demon's Extract	6.8	Legendary	Akame ga Kill					
item	769	Perfector	3.6	Rare	Akame ga Kill					
item	770	Shitoukazer	6.2	Legendary	Akame ga Kill					
item	771	Heavy Pressure	3.2	Rare	Akame ga Kill					
item	772	Scream	4.2	Elite	Akame ga Kill					
item	773	Shamshir	3.6	Rare	Akame ga Kill					
item	774	Murasame	5.5	Epic	Akame ga Kill					
item	775	Balzac	4.0	Elite	Akame ga Kill					
item	776	Gaea Foundation	3.8	Rare	Akame ga Kill					
item	777	Rongo Rongo	5.3	Epic	Akame ga Kill					
item	778	Mastema	3.9	Rare	Akame ga Kill					
item	779	Adramelech	5.4	Epic	Akame ga Kill					
item	780	Extase	3.2	Rare	Akame ga Kill					
item	781	Belvaac	3.0	Rare	Akame ga Kill					
item	782	Black Marlin	5.0	Epic	Akame ga Kill					
item	783	Big Leaguer	4.6	Elite	Akame ga Kill					
item	784	Lionel	4.6	Elite	Akame ga Kill					
item	785	Hekatonkheires	4.0	Elite	Akame ga Kill					
item	786	Horse Electrolytes	0.5	Trash	Generic					
item	787	Apple	0.5	Trash	Generic					
item	788	Blood Vial	2.8	Uncommon	Bloodborne					
item	789	Saint Blood Vial	3.5	Rare	Bloodborne					
item	790	Surströmming	0.3	Trash	Generic					
item	791	Magician's Hat	1.0	Common	Generic					
item	792	Artoria Fumo	5.2	Epic	Fate					
item	793	"""Alice"" Fumo"	4.8	Elite	Black Souls					
item	794	Node Fumo	5.0	Epic	Black Souls	REF				
item	795	Mabel Fumo	5.7	Epic	Black Souls	REF				
item	796	Mary Sue Fumo	5.3	Epic	Black Souls	REF				
item	797	Reimu Fumo	4.1	Elite	Touhou					
item	798	Cirno Fumo	3.5	Rare	Touhou					
item	799	Remilia Fumo	3.9	Rare	Touhou					
item	800	Flandre Fumo	5.4	Epic	Touhou	REF				
item	801	Patchouli Fumo	4.6	Elite	Touhou					
item	802	Eirin Fumo	3.5	Rare	Touhou					
item	803	Suika Fumo	4.0	Elite	Touhou					
item	804	Youmu Fumo	1.8	Common	Touhou					
item	805	Ran Fumo	2.2	Uncommon	Touhou					
item	806	Suwako Fumo	5.5	Epic	Touhou					
item	807	Koishi Fumo	4.2	Elite	Touhou					
item	808	Kaguya Fumo	1.1	Common	Touhou					
item	809	Yuyuko Fumo	5.8	Epic	Touhou					
item	810	Yuugi Fumo	3.3	Rare	Touhou	REF				
item	811	Utsuho Fumo	5.6	Epic	Touhou					
item	812	Kanako Fumo	5.4	Epic	Touhou					
item	813	Mokou Fumo	1.8	Common	Touhou					
item	814	Junko Fumo	6.1	Legendary	Touhou					
item	815	Tewi Fumo	4.2	Elite	Touhou					
item	816	Meiling Fumo	3.7	Rare	Touhou					
item	817	Utsuho Deka Fumo	7.1	Mythical	Touhou					
item	818	Reimu Deka Fumo	5.9	Epic	Touhou					
item	819	The Table	0.2	Trash	Code Geass					
item	820	The Chair	1.2	Common	Devil May Cry					
item	821	The Master Sword	5.5	Epic	The Legend of Zelda					
item	822	Hylian Shield	4.8	Elite	The Legend of Zelda					
item	823	Mirror Shield	5.1	Epic	The Legend of Zelda	REF				
item	824	Bottle of Milk	1.4	Common	The Legend of Zelda					
item	825	Earth Key	6.5	Legendary	Generic					
item	826	Bathhouse Key	3.5	Rare	Generic					
item	827	A chocolate chip cookie but with the chips picked off for some reason	0.1	Trash	Cookie Clicker					
item	828	A handful of chocolate chips	0.1	Trash	Generic					
item	829	Space Stone	7.8	Mythical	Marvel					
item	830	Dojo Key	3.4	Rare	Generic					
item	831	Flynn's Ring	2.2	Uncommon	Dark Souls					
item	832	Witch Ring	3.7	Rare	Dark Souls					
item	833	Father Garcia's Trenchcoat	1.2	Common	Faith the Unholy Trinity					
item	834	Father Garcia's Shotgun	1.4	Common	Faith the Unholy Trinity					
item	835	Big Hat Logan's Big Hat	1.2	Common	Dark Souls					
item	836	Bold & Brash	0.3	Trash	Spongebob					
item	837	Monster Fucker Permit	4.2	Elite	Generic	REF				
item	838	Berserker Armor	2.2	Uncommon	Berserk					
item	839	The Cursed Ticket	2.0	Uncommon	Generic					
item	840	Metal Gear	0.3	Trash	Generic					
item	841	Taimanin Changing Booth	2.2	Uncommon	Taimanin					
item	842	Claidheamh Mor	1.9	Common	Team Fortress 2					
item	843	One Thousand Bottles of Baby Oil	1.1	Common	Generic					
item	844	Soylent Green	0.5	Trash	Soylent Green	REF				
item	845	Prismatic Cloak	4.0	Elite	Generic					
item	846	Truants Stopwatch	4.7	Elite	Generic					
item	847	Heavenly Tribulation Ticket	3.8	Rare	Generic					
item	848	Gravitational Beam Emitter	5.9	Epic	Blame					
item	849	The City	9.6	Transcendent	Blame	REF				
item	850	Erdtree Seed	4.2	Elite	Elden Ring					
ability	1	Tinder	1.3	Common	Generic					
ability	2	Ember	2.3	Uncommon	Generic					
ability	3	Blaze	3.3	Rare	Generic					
ability	4	Pyrokinesis	4.4	Elite	Generic					
ability	5	Hellflames	4.8	Elite	MHA					
ability	6	Micro Pyrokinesis	2.2	Uncommon	Generic					
ability	7	Disaster Flames	6.7	Legendary	Jujutsu Kaisen					
ability	8	Amaterasu	6.8	Legendary	Naruto	REF				
ability	9	Frenzied Flame	6.3	Legendary	Elden Ring					
ability	10	Ignite	3.5	Rare	Generic					
ability	11	Conflagration	4.8	Elite	Generic	REF				
ability	12	Mystic Eyes of Flame	4.7	Elite	Generic					
ability	13	Fire Cloak	3.4	Rare	Skyrim					
ability	14	Fireball	2.2	Uncommon	Generic					
ability	15	Flame Weaponry	3.6	Rare	Generic					
ability	16	Frostflare	4.5	Elite	Calamity Mod					
ability	17	Fire Absorption	4.3	Elite	Generic					
ability	18	Pyromaster	7.2	Mythical	Generic					
ability	19	Unholy Flames	5.7	Epic	Generic					
ability	20	Profaned Flames	6.2	Legendary	Calamity Mod	REF				
ability	21	Profaned Guardian Transformation	6.5	Legendary	Calamity Mod					
ability	22	Shadowflames	4.7	Elite	Terraria					
ability	23	Fire Fist	2.6	Uncommon	Generic					
ability	24	Fire Logia	7.6	Mythical	One Piece					
ability	25	Coat Flames	2.6	Uncommon	Generic					
ability	26	Enflame	3.2	Rare	Generic					
ability	27	Heat Object	1.8	Common	Generic					
ability	28	Heat Metal	2.2	Uncommon	DnD					
ability	29	Heatwave	3.5	Rare	Generic					
ability	30	Sunny Day	3.8	Rare	Generic					
ability	31	Desolate Land	5.2	Epic	Generic					
ability	32	Kamino	3.9	Rare	Jujutsu Kaisen					
ability	33	Blazing Courage	3.6	Rare	Jujutsu Kaisen					
ability	34	Dark Flames	3.6	Rare	Generic					
ability	35	Extinguish Flames	2.2	Uncommon	Generic					
ability	36	Godslayer Apostle Flames	4.7	Elite	Elden Ring					
ability	37	Blood Flames	4.3	Elite	Elden Ring					
ability	38	Bloodflame Talons	2.9	Uncommon	Elden Ring					
ability	39	Heat Vision	3.6	Rare	DC					
ability	40	Flame Burst	2.5	Uncommon	Generic					
ability	41	Fire Claws	2.2	Uncommon	Unordinary					
ability	42	Flamethrower	2.5	Uncommon	Generic					
ability	43	Combustion	3.8	Rare	Generic					
ability	44	Fire Breath	2.9	Uncommon	Generic					
ability	45	Explosive Sweat	3.3	Rare	MHA					
ability	46	Explosion	4.4	Elite	Generic					
ability	47	Detonation	3.8	Rare	Generic					
ability	48	Explosion!	4.9	Elite	Konosuba					
ability	49	Heat Palm	1.2	Common	Unordinary					
ability	50	Magma Logia	7.8	Mythical	One Piece					
ability	51	Eruption	3.6	Rare	Generic					
ability	52	Lava	4.6	Elite	Generic					
ability	53	Match	0.5	Trash	Generic					
ability	54	Droplet	0.3	Trash	Generic					
ability	55	Spray Water	1.2	Common	Generic					
ability	56	Sprinkle	1.6	Common	Generic					
ability	57	Create Water	2.3	Uncommon	Konosuba					
ability	58	Flood	3.6	Rare	Generic					
ability	59	Geyser	2.0	Uncommon	Generic					
ability	60	Mist	2.5	Uncommon	Generic					
ability	61	Lesser Hydrokinesis	2.2	Uncommon	Generic					
ability	62	Hydrosmith	3.4	Rare	Generic					
ability	63	Micro Hydrokinesis	2.2	Uncommon	Generic					
ability	64	Hydro Pump	3.2	Rare	Generic					
ability	65	Sponge	2.7	Uncommon	Generic					
ability	66	Dehydration	2.8	Uncommon	Generic					
ability	67	Drought	3.6	Rare	Generic					
ability	68	Water Manipulation	3.5	Rare	Generic					
ability	69	Hydrokinesis	4.6	Elite	Generic					
ability	70	Razorblade Typhoon	3.8	Rare	Terraria					
ability	71	Whirlpool	2.5	Uncommon	Generic					
ability	72	Rain	2.2	Uncommon	Generic					
ability	73	Torrent	3.7	Rare	Generic					
ability	74	Primordial Sea	5.2	Epic	Generic					
ability	75	Dampen	0.8	Trash	Generic					
ability	76	Dry	0.7	Trash	Generic					
ability	77	Aquamaster	7.5	Mythical	Generic					
ability	78	Holy Water Tap	3.6	Rare	Generic					
ability	79	Hydrofreeze	5.9	Epic	Unordinary					
ability	80	Water Bubbles	0.7	Trash	Generic					
ability	81	Hydrification	3.6	Rare	Generic					
ability	82	Aquatic	1.1	Common	Generic					
ability	83	Steam Emission	3.2	Rare	Generic					
ability	84	Ink Manipulation	3.3	Rare	Generic					
ability	85	Cool	0.6	Trash	Generic					
ability	86	Chill	1.7	Common	Generic					
ability	87	Frostbite	2.8	Uncommon	Generic					
ability	88	Ice Spike	2.5	Uncommon	Generic					
ability	89	Ice Creation	3.5	Rare	Generic					
ability	90	Iceberg	4.3	Elite	Generic					
ability	91	Ice Age	5.7	Epic	Generic					
ability	92	Frost	3.6	Rare	Generic					
ability	93	Ice Manipulation	4.8	Elite	MHA					
ability	94	Half Hot Half Cold	5.6	Epic	MHA					
ability	95	Frozen Heart	4.8	Elite	Generic	REF				
ability	96	Cryokinesis	4.5	Elite	Generic					
ability	97	White Album	4.8	Elite	JoJo Stand					
ability	98	Cold Wave	3.2	Rare	Generic					
ability	99	Frigid Winds	4.3	Elite	Generic					
ability	100	Cryomaster	7.5	Mythical	Toaru					
ability	101	Snow Warning	2.3	Uncommon	Generic					
ability	102	Blizzard	3.7	Rare	Generic					
ability	103	Snow Manipulation	3.4	Rare	Generic					
ability	104	Snow Logia	4.9	Elite	Monet from One Piece					
ability	105	Ice Logia	7.1	Mythical	Aokiji from One Piece					
ability	106	Freezing Breath	3.1	Rare	Generic					
ability	107	Ice Sprout	2.2	Uncommon	Generic					
ability	108	Black Ice	4.3	Elite	Generic					
ability	109	Ice Formation	5.0	Epic	Jujutsu Kaisen					
ability	110	Absolute Zero	7.0	Mythical	Generic	REF				
ability	111	Divinity Water & Ice	8.0	Divine	Generic					
ability	112	Typhoon	4.2	Elite	Generic					
ability	113	Breeze	0.4	Trash	Generic					
ability	114	Gust	1.6	Common	Generic					
ability	115	Wind	2.4	Uncommon	Generic					
ability	116	Gale	3.5	Rare	Generic					
ability	117	Hurricane	4.4	Elite	Generic					
ability	118	Tempest	5.3	Epic	Generic					
ability	119	Aerokinesis	4.9	Elite	Generic					
ability	120	Wind Blade	2.7	Uncommon	Generic					
ability	121	Wind Edge	2.4	Uncommon	Generic					
ability	122	Delta Stream	3.0	Rare	Generic					
ability	123	Floating	2.4	Uncommon	Generic					
ability	124	Wind Flight	3.0	Rare	Generic					
ability	125	Air Jet	3.3	Rare	Generic					
ability	126	Wind Cloak	3.2	Rare	Generic					
ability	127	Whirlwind	4.0	Elite	MHA					
ability	128	Vacuum	4.3	Elite	Generic					
ability	129	Louden	0.9	Trash	Generic					
ability	130	Megaphone	1.4	Common	Generic					
ability	131	Sonic Blast	2.9	Uncommon	Generic					
ability	132	View Air	2.4	Uncommon	Generic					
ability	133	Boomburst	3.6	Rare	Generic					
ability	134	Airlock	3.7	Rare	Generic					
ability	135	Storm Blade	3.8	Rare	Generic					
ability	136	Wind Barrier	2.7	Uncommon	Generic					
ability	137	Heavy Wind	5.5	Epic	Generic	REF				
ability	138	Weather Manipulation	4.2	Elite	Generic					
ability	139	Wind Alteration	4.8	Elite	Generic					
ability	140	Oxidiser	5.1	Epic	Generic					
ability	141	Aeromaster	7.8	Mythical	Toaru					
ability	142	Atmospheric Pressure Manipulation	4.1	Elite	Generic					
ability	143	Air Whips	2.5	Uncommon	Generic					
ability	144	Spark	0.4	Trash	Generic					
ability	145	Taser	1.4	Common	Generic					
ability	146	Arc	2.2	Uncommon	Generic					
ability	147	Electric Discharge	3.3	Rare	Generic					
ability	148	Lightning Channel	3.0	Rare	Generic					
ability	149	Lightning Absorption	3.4	Rare	Generic					
ability	150	Call Lightning	2.8	Uncommon	Generic					
ability	151	Call Thunder	3.2	Rare	Generic					
ability	152	Call Greater Thunder	4.0	Elite	Generic					
ability	153	Storm Call	5.8	Epic	Generic					
ability	154	Lightning Form	4.4	Elite	Generic					
ability	155	Radio Waves	3.1	Rare	MHA					
ability	156	Impulse	2.0	Uncommon	Generic					
ability	157	Godspeed	4.2	Elite	HxH					
ability	158	Electrokinesis	4.8	Elite	Generic					
ability	159	Electromagnetokinesis	6.0	Legendary	Generic					
ability	160	Assign	3.3	Rare	Generic					
ability	161	Electromaster	7.7	Mythical	Toaru					
ability	162	Stun Shock	2.4	Uncommon	Generic					
ability	163	Lightning Breath	3.0	Rare	Generic					
ability	164	Railgun	3.9	Rare	Generic					
ability	165	Frozen Lightning	3.5	Rare	Generic					
ability	166	Lightning Spear	2.6	Uncommon	Generic					
ability	167	Great Lightning Spear	3.1	Rare	Generic					
ability	168	Sunlight Spear	3.7	Rare	Generic					
ability	169	Thunder Cloak	3.8	Rare	Generic					
ability	170	Chidori	3.0	Rare	Naruto					
ability	171	Lightning Bolt	3.1	Rare	Generic					
ability	172	Electromagnetic Sight	2.2	Uncommon	Generic					
ability	173	Electricity	4.0	Elite	Unordinary					
ability	174	Attention	1.5	Common	Generic					
ability	175	Lightning Claws	2.6	Uncommon	Generic					
ability	176	Pebble Sling	0.3	Trash	Generic					
ability	177	Rock Throw	1.4	Common	Generic					
ability	178	Stone Bullet	2.3	Uncommon	Generic					
ability	179	Boulder Hurl	2.8	Uncommon	Generic					
ability	180	Rock Shotgun	2.6	Uncommon	Generic					
ability	181	Bullet	3.3	Rare	Generic					
ability	182	Move Earth	2.5	Uncommon	Generic					
ability	183	Quicksand	2.0	Uncommon	Generic					
ability	184	Earth Spikes	2.9	Uncommon	Generic					
ability	185	Meteor Strike	4.1	Elite	Generic					
ability	186	Chain & Shackle	3.7	Rare	Generic					
ability	187	Catapult	3.4	Rare	Generic					
ability	188	Stonesprout	2.1	Uncommon	Generic					
ability	189	Micro Ferrokinesis	2.4	Uncommon	Generic					
ability	190	Earth Armor	2.0	Uncommon	Generic					
ability	191	Earthquake	2.8	Uncommon	Generic	REF				
ability	192	Fissure	2.2	Uncommon	Generic					
ability	193	Ferrokinesis	4.9	Elite	Generic	REF				
ability	194	Terrakinesis	4.5	Elite	Generic					
ability	195	Armor	3.1	Rare	Generic					
ability	196	Metal Kaiser	4.0	Elite	Worm					
ability	197	Iron Manipulation	3.6	Rare	Generic					
ability	198	Extinction Meteors	5.2	Epic	Generic					
ability	199	Pocket Sand	0.4	Trash	Generic					
ability	200	Sandshot	1.1	Common	Generic					
ability	201	Sandstream	2.2	Uncommon	Generic					
ability	202	Sandblast	2.6	Uncommon	Generic					
ability	203	Death Valley Duster	3.8	Rare	Generic					
ability	204	Primordial Earth	5.6	Epic	Generic					
ability	205	Primordial Ancient	6.3	Legendary	Generic					
ability	206	Karura's Blessing	4.2	Elite	Generic					
ability	207	Burial	2.7	Uncommon	Generic					
ability	208	Conjure Lesser Earth Elemental	3.6	Rare	Generic					
ability	209	Conjure Earth Elemental	4.5	Elite	Generic					
ability	210	Conjure Greater Earth Elemental	5.0	Epic	Generic					
ability	211	Golem Creation	4.0	Elite	Generic					
ability	212	Titan Armor	5.0	Epic	Generic					
ability	213	Golem Armor	3.6	Rare	Generic					
ability	214	Stalagmite Burst	2.6	Uncommon	Generic					
ability	215	Thousand Arrows	4.2	Elite	Pokemon					
ability	216	Metal Manipulation	4.2	Elite	MHA					
ability	217	Mud Manipulation	3.4	Rare	Generic					
ability	218	Crystal Shower	2.6	Uncommon	Generic					
ability	219	Crystal Spikes	2.2	Uncommon	Generic					
ability	220	Diamond Skin	4.3	Elite	One Piece					
ability	221	Crystal Creation	3.7	Rare	Generic					
ability	222	Crystals	2.1	Uncommon	Generic					
ability	223	Gem Creation	3.8	Rare	Generic					
ability	224	Pure Gem Creation	4.9	Elite	Generic					
ability	225	Sand Veil	1.8	Common	Generic					
ability	226	Fool Sand	4.9	Elite	JoJo					
ability	227	Desert Weaponry	3.5	Rare	Generic					
ability	228	Sandstorm Body	4.0	Elite	Generic					
ability	229	Dig	2.8	Uncommon	Generic					
ability	230	Dowsing	1.6	Common	Generic					
ability	231	View Earth	3.2	Rare	Generic	REF				
ability	232	Wire	3.0	Rare	Generic					
ability	233	Pika	5.2	Epic	One Piece					
ability	234	Desert Logia	6.2	Legendary	One Piece					
ability	235	Blackout	2.4	Uncommon	Generic					
ability	236	Shadow Travel	3.4	Rare	Generic					
ability	237	Shadow Hands	3.2	Rare	Generic					
ability	238	Sethan	4.6	Elite	Sethan from JoJo	REF				
ability	239	Shadow Puppeteer	3.7	Rare	Naruto	REF				
ability	240	Shadow Tag	3.0	Rare	Generic					
ability	241	Shadow Dart	1.8	Common	Generic					
ability	242	Shadow Cloak	1.3	Common	Generic					
ability	243	Shadow Stalker	4.4	Elite	Worm					
ability	244	Shadow Ball	2.6	Uncommon	Generic					
ability	245	Shadow Blade	2.8	Uncommon	Generic					
ability	246	Shadow Scythe	4.2	Elite	Generic					
ability	247	Reaper's Scythe	5.8	Epic	Generic					
ability	248	Death's Instrument	6.9	Legendary	Generic					
ability	249	Bottomless Swamp	2.8	Uncommon	Generic					
ability	250	Dark Spear	2.7	Uncommon	Generic					
ability	251	Shadow Storage	4.2	Elite	Generic					
ability	252	Shadow Claws	2.4	Uncommon	Generic					
ability	253	Shadow Chains	3.9	Rare	Generic					
ability	254	Blind	3.2	Rare	Generic					
ability	255	Grue	4.0	Elite	Worm					
ability	256	Deafness	2.6	Uncommon	Generic					
ability	257	Numbness	3.6	Rare	Generic					
ability	258	Mute	3.0	Rare	Generic					
ability	259	Conjure Shadowbeast	3.8	Rare	Generic					
ability	260	Gate of Nightmares	5.7	Epic	Generic					
ability	261	Dark Lance	4.2	Elite	Generic					
ability	262	Abyss	6.0	Legendary	Generic					
ability	263	Void Tendril	3.4	Rare	Generic					
ability	264	Shade Cloak	3.7	Rare	Generic					
ability	265	Cursecraft	4.8	Elite	Generic	REF				
ability	266	Darkness Devil	7.8	Mythical	Chainsaw Man					
ability	267	Black Hole	5.0	Epic	Generic	REF				
ability	268	Void Dragon's Breath	4.0	Elite	Generic					
ability	269	Void Mirror Image	1.5	Common	Generic					
ability	270	Void Travel	3.9	Rare	Generic					
ability	271	Chaos Entity Release	5.1	Epic	Generic					
ability	272	Void Path	6.4	Legendary	Generic					
ability	273	Void Distorter Form	5.9	Epic	Generic					
ability	274	Abyssal Jail	5.2	Epic	Generic					
ability	275	Abyss Skin	3.8	Rare	Generic					
ability	276	Yami	3.2	Rare	Yugioh					
ability	277	Darkness Logia	7.0	Mythical	One Piece					
ability	278	Shadow Eyes	3.0	Rare	Generic					
ability	279	Shadow Beast Form	4.8	Elite	Generic					
ability	280	Shadow Armor	4.2	Elite	Generic					
ability	281	Umbrakinesis	4.8	Elite	Generic					
ability	282	Abyss Barrier	5.1	Epic	Generic					
ability	283	Shadow Monarch	6.7	Legendary	Solo Leveling	REF				
ability	284	Flashlight	0.4	Trash	Generic					
ability	285	Flash	1.2	Common	Generic					
ability	286	Illumination	1.7	Common	Generic					
ability	287	Exorcist's Light	2.3	Uncommon	Generic					
ability	288	Invisibility	2.5	Uncommon	Generic					
ability	289	Flash Grenade	1.8	Common	Generic					
ability	290	Light of Glory	3.3	Rare	Generic					
ability	291	Light Grenade	2.8	Uncommon	DBZ					
ability	292	Beam	3.4	Rare	Generic					
ability	293	Lesser Blessing	2.6	Uncommon	Generic					
ability	294	Blessing	3.5	Rare	Generic					
ability	295	Greater Blessing	4.7	Elite	Generic					
ability	296	Divine Blessing	5.7	Epic	Generic					
ability	297	Law of Regression	6.3	Legendary	Elden Ring					
ability	298	Disc of Light	2.2	Uncommon	Elden Ring					
ability	299	Guidance of Grace	4.2	Elite	Elden Ring					
ability	300	Barrier of Light	2.7	Uncommon	Generic					
ability	301	Hardlight Weaponry	3.6	Rare	Generic					
ability	302	Sky Fracture	5.2	Epic	Terraria					
ability	303	Confessor's Light	3.3	Rare	Generic	REF				
ability	304	Purification	3.4	Rare	Generic					
ability	305	Greater Purification	4.1	Elite	Generic					
ability	306	Holy Weapon	2.9	Uncommon	Generic					
ability	307	Blessing of Arms	3.6	Rare	Generic	REF				
ability	308	Smite	3.1	Rare	Generic					
ability	309	Golden Fist	2.8	Uncommon	Generic					
ability	310	Exorcism	2.8	Uncommon	Generic					
ability	311	Blade of Light	3.9	Rare	Generic					
ability	312	Resuscitation	3.7	Rare	Generic	REF				
ability	313	Swords of Revealing Light	5.0	Epic	Yugioh					
ability	314	Minor Healing Light	2.3	Uncommon	Generic					
ability	315	Healing Light	3.5	Rare	Generic					
ability	316	Greater Healing Light	4.3	Elite	Generic					
ability	317	Divine Healing Light	5.5	Epic	Generic					
ability	318	Pillar of Light	3.4	Rare	Generic					
ability	319	Judgement Call	4.8	Elite	EBF					
ability	320	Genesis	7.7	Mythical	EBF	REF				
ability	321	Light Trick	3.4	Rare	Generic					
ability	322	Light Speed	4.7	Elite	Generic					
ability	323	Sanctuary	5.4	Epic	Generic					
ability	324	Light Logia	8.0	Divine	One Piece					
ability	325	Claws	1.4	Common	Generic					
ability	326	Horns	1.1	Common	Generic					
ability	327	Tail	1.3	Common	Generic					
ability	328	Jaw	1.0	Common	Generic					
ability	329	Natural Weapons	2.5	Uncommon	Generic					
ability	330	Razor Claws	2.0	Uncommon	Generic					
ability	331	Carapace	2.6	Uncommon	Generic					
ability	332	Exoskeleton	3.2	Rare	Generic					
ability	333	Scales	2.7	Uncommon	Generic					
ability	334	Dragon Scales	4.0	Elite	Generic					
ability	335	Powerful Wings	2.7	Uncommon	Generic					
ability	336	Immunity System	3.9	Rare	Generic	REF				
ability	337	Monomolecular Claws	4.3	Elite	Generic					
ability	338	Bone Manipulation	4.8	Elite	Worm	REF				
ability	339	Organ Spikes	2.2	Uncommon	Generic					
ability	340	Ukaku	3.3	Rare	Tokyo Ghoul					
ability	341	Koukaku	3.8	Rare	Tokyo Ghoul					
ability	342	Rinkaku	4.0	Elite	Tokyo Ghoul					
ability	343	Bikaku	3.2	Rare	Tokyo Ghoul					
ability	344	Kakuja	5.0	Epic	Tokyo Ghoul					
ability	345	Ghoul Physiology	4.7	Elite	Tokyo Ghoul					
ability	346	hybrid Ghoul Physiology	5.5	Epic	Tokyo Ghoul					
ability	347	Dragon Kakuja	7.0	Mythical	Tokyo Ghoul					
ability	348	Keratin Manipulation	3.9	Rare	Generic					
ability	349	Fierce Wings	4.9	Elite	MHA					
ability	350	Stim	2.6	Uncommon	Generic					
ability	351	Conditioning	3.5	Rare	Generic					
ability	352	Bio Armor	4.6	Elite	Generic					
ability	353	Body Refinement	3.2	Rare	Generic					
ability	354	Absolute Control	4.4	Elite	Generic					
ability	355	Shape Altering	3.1	Rare	Generic					
ability	356	Shapeshifting	4.7	Elite	Generic					
ability	357	Gene Refinement	5.5	Epic	Generic					
ability	358	Minor Regeneration	2.7	Uncommon	Generic					
ability	359	Regeneration	3.6	Rare	Generic					
ability	360	High Speed Regeneration	4.8	Elite	Generic					
ability	361	Super Regeneration	5.5	Epic	Generic					
ability	362	Regenerative Immortality	6.9	Legendary	Generic					
ability	363	Redundant Physiology	4.1	Elite	Worm					
ability	364	Biological Adaptation	5.7	Epic	Worm					
ability	365	Vampire Physique	3.7	Rare	Generic					
ability	366	Animorph	4.4	Elite	Generic					
ability	367	Gills	1.0	Common	Generic					
ability	368	Hormone Manipulation	4.0	Elite	One Piece					
ability	369	Tentacles	3.4	Rare	Generic	REF				
ability	370	Four Arms	1.7	Common	Generic					
ability	371	Venom Injection	2.2	Uncommon	Generic					
ability	372	Poisoned Flesh	2.4	Uncommon	Generic					
ability	373	Poison Factory	4.6	Elite	Generic					
ability	374	Poison Breath	2.5	Uncommon	Generic					
ability	375	Doku	6.7	Legendary	One Piece					
ability	376	Paralysis	3.0	Rare	Generic					
ability	377	Blood Manipulation	1.8	Common	Generic					
ability	378	Hemokinesis	3.8	Rare	Generic					
ability	379	Greater Hemokinesis	5.2	Epic	Generic					
ability	380	Teleportation	4.7	Elite	Generic					
ability	381	Blink	3.4	Rare	Generic					
ability	382	Instant Transmission	5.0	Epic	Generic					
ability	383	Rewind	4.3	Elite	MHA					
ability	384	Haste	4.1	Elite	Generic					
ability	385	Apport	3.1	Rare	Generic	REF				
ability	386	Swap	5.4	Epic	Worm					
ability	387	Boogie Woogie	4.2	Elite	Jujutsu Kaisen					
ability	388	Dismantle	3.7	Rare	Jujutsu Kaisen					
ability	389	Cleave	4.2	Elite	Jujutsu Kaisen					
ability	390	Reality Slash	5.7	Epic	Generic	REF				
ability	391	Dimensional Lock	3.9	Rare	Generic					
ability	392	Stillness	6.8	Legendary	Re:Zero	REF				
ability	393	Infinity	5.0	Epic	Jujutsu Kaisen					
ability	394	Limitless	6.0	Legendary	Jujutsu Kaisen					
ability	395	Distortion	4.9	Elite	Generic					
ability	396	Clockblocker	5.2	Epic	Worm					
ability	397	The Hand	5.7	Epic	JoJo					
ability	398	Time Manipulation	6.9	Legendary	Unordinary					
ability	399	Slow Down	5.2	Epic	Generic					
ability	400	Superhot	6.2	Legendary	SUPER HOT					
ability	401	Doppelganger	3.7	Rare	Generic					
ability	402	Clone Split	4.2	Elite	Generic					
ability	403	Divergent Avatars	5.2	Epic	Generic					
ability	404	King Crimson	6.6	Legendary	JoJo	REF				
ability	405	Gold Experience	5.7	Epic	JoJo					
ability	406	Anti Gravity	4.3	Elite	Generic					
ability	407	Zero Gravity	2.2	Uncommon	Generic					
ability	408	Low Gravity	2.1	Uncommon	Generic					
ability	409	Burden Breaker	5.3	Epic	Calamity Mod					
ability	410	Nuclear	6.7	Legendary	Generic					
ability	411	Radiation Absorption	4.0	Elite	Generic					
ability	412	Shrug It Off	3.2	Rare	Generic					
ability	413	Vermin Lord	3.5	Rare	Generic					
ability	414	Mandom	5.7	Epic	JoJo					
ability	415	Resurrection	5.8	Epic	DnD	REF				
ability	416	Blast Mark	4.8	Elite	Generic					
ability	417	Carbon Manipulation	6.8	Legendary	Generic					
ability	418	Soul Read	2.9	Uncommon	JoJo					
ability	419	Emergency Exit	2.5	Uncommon	Generic					
ability	420	Protean	4.2	Elite	Generic					
ability	421	Sunshine	7.2	Mythical	Nanatsu no Taizai					
ability	422	Draconic Escalation	4.0	Elite	Worm					
ability	423	Revengence	3.5	Rare	Generic					
ability	424	Metallica	4.8	Elite	Generic	REF				
ability	425	Glass Manipulation	3.1	Rare	Generic					
ability	426	Oil Manipulation	4.8	Elite	Generic					
ability	427	Silicon Manipulation	5.7	Epic	Generic					
ability	428	Plastic Manipulation	3.8	Rare	Generic					
ability	429	Fabric Manipulation	4.2	Elite	MHA	REF				
ability	430	String Manipulation	5.6	Epic	Generic					
ability	431	Copper Manipulation	3.7	Rare	Generic					
ability	432	Rust Inducement	1.4	Common	Generic					
ability	433	Gold Manipulation	3.2	Rare	Generic					
ability	434	Gearbox	2.2	Uncommon	Generic					
ability	435	Mystic Eyes of Enchantment	4.2	Elite	Generic					
ability	436	Conjure Vines	3.6	Rare	Generic					
ability	437	Hookwolf	4.9	Elite	Worm					
ability	438	Mystic Eyes of Death Perception	7.8	Mythical	Fate					
ability	439	Superpower	5.5	Epic	Generic					
ability	440	Haki	6.3	Legendary	One Piece					
ability	441	Conqueror's Haki	4.8	Elite	One Piece					
ability	442	Armament Haki	4.5	Elite	One Piece					
ability	443	Observation Haki	5.6	Epic	One Piece					
ability	444	Elemental Lungs	4.4	Elite	Generic					
ability	445	Vitality Drain	4.8	Elite	Generic					
ability	446	Blood Tax	3.8	Rare	Generic					
ability	447	Hook & Line	3.4	Rare	Generic					
ability	448	Minefield	4.1	Elite	Unordinary					
ability	449	Density Manipulation	4.8	Elite	Generic					
ability	450	Star Rage	6.6	Legendary	Jujutsu Kaisen					
ability	451	Lock On	4.2	Elite	Generic					
ability	452	Absolute Accuracy	5.2	Epic	Generic	REF				
ability	453	Energy Emission	4.7	Elite	Unordinary					
ability	454	Kinetic Energy Absorption	5.4	Epic	Generic					
ability	455	Kinetic Energy Manipulation	7.5	Mythical	Generic					
ability	456	Vector Manipulation	8.8	Divine	Toaru	REF				
ability	457	Halt	4.3	Elite	Generic					
ability	458	Lockdown	6.0	Legendary	Generic	REF				
ability	459	Stick	1.2	Common	Generic					
ability	460	Fear Gaze	3.6	Rare	Generic					
ability	461	Glide	1.4	Common	Generic					
ability	462	Absolute Gateway	6.0	Legendary	Generic	REF				
ability	463	Pacifists Domain	5.7	Epic	Generic					
ability	464	Quake	6.9	Legendary	One Piece					
ability	465	Adamantine Skin	6.8	Legendary	Generic	REF				
ability	466	Phoenix Zoan	7.3	Mythical	Generic					
ability	467	Hydra Form	6.1	Legendary	Generic					
ability	468	Thunderbird Form	5.7	Epic	Generic					
ability	469	Portal Creation	5.5	Epic	Generic					
ability	470	Doormaker	7.6	Mythical	Generic					
ability	471	Clairvoyance	4.4	Elite	Generic					
ability	472	Super Jump	1.8	Common	Generic					
ability	473	Shaper	6.9	Legendary	Worm Panacea					
ability	474	Tool Manipulation	3.5	Rare	Generic					
ability	475	Energy Drain	4.5	Elite	Generic					
ability	476	Double Jump	1.5	Common	Generic					
ability	477	Sky Jumper	2.7	Uncommon	Generic					
ability	478	Clothes Beam	2.6	Uncommon	Dragon Ball					
ability	479	Spirit Gathering	7.2	Mythical	Generic					
ability	480	Power of Destruction	6.8	Legendary	DxD					
ability	481	Full Counter	7.1	Mythical	Nanatsu no Taizai					
ability	482	Destruction Incarnate	8.1	Divine	Generic					
ability	483	Ice Man	9.2	Transcendent	Marvel					
ability	484	Phoenix Force	8.5	Divine	Marvel					
ability	485	Stinger	8.2	Divine	Generic	REF				
ability	486	Rally	3.3	Rare	Generic					
ability	487	Cybele	5.4	Epic	Fate					
ability	488	Third Person	2.5	Uncommon	Generic					
ability	489	Seek Guidance	4.3	Elite	Generic					
ability	490	Immune	5.5	Epic	Generic	REF				
ability	491	Gunpowder Manipulation	3.8	Rare	Generic					
ability	492	Vita Telum	4.4	Elite	Generic					
ability	493	Authority of Lust	6.6	Legendary	Generic	REF				
ability	494	Steal	3.3	Rare	Generic					
ability	495	Grand Theft	5.3	Epic	Generic					
ability	496	Record	2.7	Uncommon	Generic					
ability	497	Arousal	3.6	Rare	Generic	REF				
ability	498	Audacity	4.6	Elite	Generic					
ability	499	Mind Reading	4.5	Elite	Generic					
ability	500	Telepathy	4.9	Elite	Generic					
ability	501	Crimson Fucker	6.8	Legendary	Hellsing					
ability	502	Basilisk Form	4.1	Elite	Generic					
ability	503	Wendigo	4.2	Elite	Generic					
ability	504	Oni	3.4	Rare	Generic					
ability	505	Phoenix Form	6.7	Legendary	Generic					
ability	506	Tinker - Redundant	1.2	Common	Generic					
ability	507	Mirror Force	5.0	Epic	Yugioh					
ability	508	Disguise	3.1	Rare	Generic					
ability	509	Fishman Form	3.8	Rare	One Piece					
ability	510	Lock	4.2	Elite	Generic					
ability	511	Unlock	6.0	Legendary	Generic	REF				
ability	512	Dragon Form	5.3	Epic	Generic					
ability	513	Energization	5.5	Epic	Generic					
ability	514	Everlasting Dragon Form	6.5	Legendary	Dark Souls					
ability	515	Lunarian Form	5.7	Epic	One Piece					
ability	516	Soul Window	3.8	Rare	Generic					
ability	517	Sharingan	5.4	Epic	Naruto					
ability	518	Byakugan	4.4	Elite	Naruto					
ability	519	Nine Eyes	7.1	Mythical	Second Coming of Gluttony					
ability	520	Strength	3.2	Rare	Generic					
ability	521	Speed	3.8	Rare	Generic					
ability	522	Toughness	3.6	Rare	Generic					
ability	523	False Master	3.6	Rare	Generic					
ability	524	Atlas	5.9	Epic	Generic					
ability	525	Star Toss	8.0	Divine	Generic					
ability	526	Extreme Speed	6.0	Legendary	Generic					
ability	527	Godlike Speed	8.3	Divine	Generic					
ability	528	Invincible	5.7	Epic	Generic					
ability	529	No Friction	2.6	Uncommon	Generic					
ability	530	Phase Shift	4.7	Elite	Unordinary					
ability	531	Hunter	4.9	Elite	Unordinary					
ability	532	Quiet	3.8	Rare	Generic					
ability	533	Widen	3.9	Rare	Generic					
ability	534	Penetrate	4.6	Elite	Generic	REF				
ability	535	Boost	4.9	Elite	Generic					
ability	536	Delay	3.8	Rare	Generic					
ability	537	Permeation	4.6	Elite	MHA					
ability	538	Dress Break	3.4	Rare	DxD					
ability	539	Multiplicity	4.7	Elite	Generic					
ability	540	Deduction	4.2	Elite	Worm					
ability	541	Condemnation	7.1	Mythical	Generic	REF				
ability	542	Salt King	6.7	Legendary	Generic					
ability	543	Gravity	5.5	Epic	Generic					
ability	544	Gravity Manipulation	7.7	Mythical	Generic					
ability	545	Optimization	5.2	Epic	Generic					
ability	546	Perfect Unknowable	6.8	Legendary	Overlord					
ability	547	Life Share	3.7	Rare	Generic					
ability	548	Wheel of Mahoraga	8.2	Divine	Jujutsu Kaisen					
ability	549	Decay	5.3	Epic	MHA					
ability	550	Wither	5.4	Epic	Generic					
ability	551	Sublimate Presence	4.2	Elite	Generic					
ability	552	Mark	2.7	Uncommon	Generic					
ability	553	Future Sight	5.9	Epic	One Piece					
ability	554	Precognition	4.3	Elite	Generic					
ability	555	Diagnosis	1.7	Common	Generic					
ability	556	Date Scouter	2.8	Uncommon	Generic	REF				
ability	557	Absolute Territory	6.2	Legendary	Generic					
ability	558	Branding	4.1	Elite	Generic					
ability	559	Soul Marriage	5.5	Epic	Generic					
ability	560	Mirror	4.9	Elite	Generic					
ability	561	Power Mimicry	7.8	Mythical	Generic					
ability	562	Ability Drain	6.7	Legendary	Generic					
ability	563	Beast Mimicry	5.8	Epic	Generic					
ability	564	Overhaul	7.6	Mythical	MHA	REF				
ability	565	Pocket Dimension	5.4	Epic	Generic					
ability	566	Inventory	3.8	Rare	Generic					
ability	567	Synthesis	6.5	Legendary	Generic					
ability	568	Sonar	2.6	Uncommon	Generic					
ability	569	Life Radar	2.8	Uncommon	Generic					
ability	570	Devil Control	8.3	Divine	Generic	REF				
ability	571	Arbor	4.6	Elite	MHA					
ability	572	Contractual Recreation	4.0	Elite	Jujutsu Kaisen					
ability	573	Trajectory Manipulation	6.8	Legendary	Generic					
ability	574	Hermit Purple	4.6	Elite	JoJo					
ability	575	Somnabulist	4.2	Elite	MHA					
ability	576	Phantom Touch	2.3	Uncommon	Generic	REF				
ability	577	Collaring	3.8	Rare	Generic	REF				
ability	578	Material Swim	2.4	Uncommon	Generic					
ability	579	Kaleidoscope	9.1	Transcendent	Fate					
ability	580	Heaven's Feel	9.0	Transcendent	Fate					
ability	581	Denial of Nothingness	9.2	Transcendent	Fate					
ability	582	Lycanthropy	5.8	Epic	Generic					
ability	583	Despair Aura I	1.3	Common	Generic					
ability	584	Despair Aura II	2.4	Uncommon	Generic					
ability	585	Despair Aura III	3.1	Rare	Generic					
ability	586	Despair Aura IV	4.8	Elite	Generic					
ability	587	Despair Aura V	5.6	Epic	Generic					
ability	588	Rubber Body	3.7	Rare	Generic					
ability	589	Magic Jammer	4.8	Elite	Generic					
ability	590	Contract Creation	3.7	Rare	Generic					
ability	591	Binding Vow	4.5	Elite	Jujutsu Kaisen					
ability	592	Chop Chop	3.7	Rare	One Piece Buggy					
ability	593	Lord of Shades	7.0	Mythical	Hollow Knight					
ability	594	Almighty Push	4.8	Elite	Naruto					
ability	595	Universal Pull	4.1	Elite	Naruto					
ability	596	Operation	7.2	Mythical	One Piece Trafalgar Law					
ability	597	Azure Dragon Form	7.8	Mythical	One Piece Kaido					
ability	598	Buddha Form	6.8	Legendary	One Piece					
ability	599	Cow Form	2.6	Uncommon	One Piece					
ability	600	Sea Snake Form	5.8	Epic	Generic					
ability	601	Tantric Healing	3.3	Rare	Generic	REF				
ability	602	Assembly	4.3	Elite	Generic					
ability	603	Pearl Jam	3.9	Rare	Generic					
ability	604	Trace On	3.8	Rare	Generic					
ability	605	Structural Analysis	3.1	Rare	Fate					
ability	606	Hound Nose	2.6	Uncommon	Generic					
ability	607	Hawk Eyes	2.8	Uncommon	Generic					
ability	608	Bat Ears	2.9	Uncommon	Generic					
ability	609	Usurper	6.0	Legendary	Generic					
ability	610	Exchange	4.0	Elite	Generic					
ability	611	Finger Gun	3.9	Rare	Generic					
ability	612	Telekinesis	4.5	Elite	Generic					
ability	613	Greater Telekinesis	6.7	Legendary	Generic					
ability	614	True Telekinesis	8.8	Divine	Generic					
ability	615	Daily Grind	4.3	Elite	Generic					
ability	616	Training Booster	4.8	Elite	Generic					
ability	617	Scouter	3.4	Rare	Generic					
ability	618	Danger Rating	3.1	Rare	Generic					
ability	619	Lifeblood	3.8	Rare	Generic					
ability	620	Strength Sap	4.7	Elite	Generic					
ability	621	Devil Trigger	5.6	Epic	Devil May Cry					
ability	622	Sin Devil Trigger	7.3	Mythical	Devil May Cry					
ability	623	Angel Form	4.7	Elite	Generic					
ability	624	Archangel Form	7.4	Mythical	Generic					
ability	625	New Order	7.4	Mythical	MHA					
ability	626	Word Magic	6.4	Legendary	Generic					
ability	627	Life Fiber Creation	5.8	Epic	Kill La Kill					
ability	628	Life Fiber hybrid	6.8	Legendary	Generic					
ability	629	Infernal Chains	3.8	Rare	Generic					
ability	630	Angel Style	2.7	Uncommon	Generic	REF				
ability	631	Heavenly Restriction	5.2	Epic	Jujutsu Kaisen					
ability	632	White Tiger Form	3.1	Rare	Generic					
ability	633	Swamp Logia	6.2	Legendary	One Piece Caribou					
ability	634	Idle Death Gamble	5.5	Epic	Jujutsu Kaisen					
ability	635	Susanoo	4.6	Elite	Naruto					
ability	636	Perfect Mangekyo Sharingan - Sasuke	6.1	Legendary	Naruto					
ability	637	Susanoo Ribs	3.7	Rare	Naruto					
ability	638	Barrier	4.8	Elite	Unordinary					
ability	639	Spider Man	5.9	Epic	Marvel					
ability	640	Bloodlust	2.8	Uncommon	Generic					
ability	641	Phasing	6.1	Legendary	Marvel	REF				
ability	642	The Absorber	7.2	Mythical	Generic					
ability	643	Magic Arrow	2.7	Uncommon	Generic					
ability	644	Momentum	2.3	Uncommon	Generic					
ability	645	Fa Jin	2.9	Uncommon	MHA					
ability	646	Glowing Eyes	0.1	Trash	Generic					
ability	647	Slipper	1.7	Common	Generic					
ability	648	Waypoint	4.4	Elite	Generic					
ability	649	Wood Release	6.8	Legendary	Naruto					
ability	650	Dust Release	7.2	Mythical	Naruto	REF				
ability	651	Skill Drain	4.7	Elite	Worm Victor					
ability	652	Velocity	3.6	Rare	Worm					
ability	653	Chameleon Hide	1.1	Common	Generic					
ability	654	Rinnegan	8.8	Divine	Naruto	REF				
ability	655	Object Attraction	0.8	Trash	MHA					
ability	656	Rad Child	4.8	Elite	Fallout					
ability	657	Weather	0.9	Trash	Generic					
ability	658	Weather Report	7.0	Mythical	JoJo					
ability	659	Hurting	3.9	Rare	Fear and Hunger					
ability	660	Dark Orb	2.8	Uncommon	Generic					
ability	661	Internet Access	3.6	Rare	Generic					
ability	662	Frisk	1.7	Common	Generic					
ability	663	Ripen	1.2	Common	Generic					
ability	664	Forced Activation	4.6	Elite	Generic					
ability	665	Tactile Telekinesis	3.5	Rare	Generic					
ability	666	Tinker - Bombs	7.8	Mythical	Generic					
ability	667	Tinker - Efficiency	4.5	Elite	Generic					
ability	668	Tinker - Drones	3.6	Rare	Generic					
ability	669	Tinker - Blasto	6.7	Legendary	Generic					
ability	670	Tinker - Prosthetics	3.2	Rare	Generic					
ability	671	Tinker - Cryogenics	4.4	Elite	Generic					
ability	672	Tinker - Pyrotechnics	4.2	Elite	Generic					
ability	673	Tinker - Hacking	3.5	Rare	Generic					
ability	674	Tinker - Ai	6.6	Legendary	Generic					
ability	675	Tinker - Bio	7.8	Mythical	Generic					
ability	676	Tinker - Vehicles	4.2	Elite	Generic					
ability	677	Tinker - Repair	2.6	Uncommon	Generic					
ability	678	Tinker - Travel	5.8	Epic	Generic					
ability	679	Tinker - Teleportation	4.7	Elite	Generic					
ability	680	Tinker - Melee Weapons	4.8	Elite	Generic					
ability	681	Tinker - Ranged Weapons	5.6	Epic	Generic					
ability	682	Tinker - Capture and Restraint	4.3	Elite	Generic					
ability	683	Tinker - Construction	3.6	Rare	Generic					
ability	684	Tinker - Cloaking	4.1	Elite	Generic					
ability	685	Tinker - Analysis	4.6	Elite	Generic					
ability	686	Tinker - Mecha	8.2	Divine	Generic					
ability	687	Tinker - Cyberpunk 2077	5.4	Epic	Cyberpunk 2077					
ability	688	Tinker - Metal Gear	7.3	Mythical	Metal Gear					
ability	689	Tinker - Androids	5.2	Epic	Generic					
ability	690	Tinker - RWBY	6.2	Legendary	RWBY					
ability	691	Tinker - Code Geass	6.5	Legendary	Code Geass					
ability	692	Tinker - Computers	4.2	Elite	Generic					
ability	693	Tinker - Games	2.3	Uncommon	Generic					
ability	694	Tinker - Dreadon	8.3	Divine	Calamity Mod					
ability	695	Tinker - Sensors	4.8	Elite	Generic					
ability	696	Tinker - Star Wars	6.0	Legendary	Star Wars					
ability	697	Tinker - Defense	4.8	Elite	Generic					
ability	698	Tinker - Armor	5.8	Epic	Generic					
ability	699	Tinker - Fallout	5.3	Epic	Fallout					
ability	700	Toggle	2.5	Uncommon	Generic	REF				
ability	701	Technopathy	4.8	Elite	Generic					
ability	702	Dark Hand	3.7	Rare	Dark Souls					
ability	703	Polymerization	4.3	Elite	Generic					
ability	704	Viltrumite Physiology	7.1	Mythical	Invincible					
ability	705	Kryptonian Physiology	8.8	Divine	DC					
ability	706	Saiyan Physiology	6.8	Legendary	Dragon Ball					
ability	707	Soft & Wet	5.8	Epic	JoJo	REF				
ability	708	Soften	3.4	Rare	Generic					
ability	709	Harden	3.5	Rare	Generic					
ability	710	Clone	5.3	Epic	Generic					
ability	711	Multiply	6.8	Legendary	Invincible					
ability	712	Avatar Creation	5.8	Epic	Generic					
ability	713	Twice	8.3	Divine	MHA					
ability	714	Clay Bombs	4.7	Elite	Naruto					
ability	715	Dark Matter	9.5	Transcendent	Toaru	REF				
ability	716	Nilbog	6.7	Legendary	Worm					
ability	717	World Painting	6.7	Legendary	Dark Souls					
ability	718	Wonder of U	9.4	Transcendent	JoJo					
ability	719	Bloody Imitation	3.0	Rare	MHA					
ability	720	Bloody Replication	4.4	Elite	MHA					
ability	721	Tetramand Transformation	5.5	Epic	Ben 10					
ability	722	Cement Manipulation	3.9	Rare	MHA					
ability	723	Slime Physique	3.1	Rare	Generic					
ability	724	Cursed Flames	3.4	Rare	Terraria					
ability	725	Burning Sea	4.3	Elite	Calamity Mod					
ability	726	Brimstone	4.7	Elite	Calamity Mod					
ability	727	Ranchor	6.7	Legendary	Calamity Mod					
ability	728	Banishing Fire	3.6	Rare	Generic					
ability	729	Holy Flame	4.6	Elite	Generic					
ability	730	Star of Comprehension	5.3	Epic	Generic					
ability	731	Divinity Fire	8.5	Divine	Generic	REF				
ability	732	Rabbit Form	2.7	Uncommon	Generic					
ability	733	Ifrit	5.2	Epic	Generic					
ability	734	Ifrit Sultan	6.6	Legendary	Generic					
ability	735	More Eyes	1.0	Common	Generic					
ability	736	Extension	4.8	Elite	Generic					
ability	737	Size Manipulation	4.3	Elite	Generic					
ability	738	Shrink	2.8	Uncommon	Generic					
ability	739	Minimize Me	4.7	Elite	Generic					
ability	740	Gigantism	4.2	Elite	Generic					
ability	741	Titanic	5.8	Epic	Generic					
ability	742	Enlarge	4.0	Elite	Generic					
ability	743	Message	2.6	Uncommon	Generic					
ability	744	Induce Baldness	0.7	Trash	Generic					
ability	745	Dream Mirror	1.7	Common	Generic					
ability	746	Share Sense	2.3	Uncommon	Generic					
ability	747	Sleep Talk	2.4	Uncommon	Generic					
ability	748	Probability Estimation	6.8	Legendary	Worm Dinah					
ability	749	Adhesion	1.9	Common	Generic					
ability	750	Lion Form	3.6	Rare	Generic					
ability	751	Fake Weapon	0.7	Trash	Generic					
ability	752	Bear Manipulation	0.9	Trash	Generic					
ability	753	Healing Kiss	4.2	Elite	MHA	REF				
ability	754	VATS	2.8	Uncommon	Fallout					
ability	755	Warp Mist	6.5	Legendary	MHA					
ability	756	Phenex	7.6	Mythical	DxD					
ability	757	Crack	6.7	Legendary	DxD					
ability	758	Number Man	8.1	Divine	Worm					
ability	759	Route	1.8	Common	Generic					
ability	760	Stockpile	3.0	Rare	Generic					
ability	761	Cockroach Physique	4.1	Elite	Generic					
ability	762	Candy Paramecia	4.2	Elite	One Piece Perospero					
ability	763	Bronze Creation	3.5	Rare	Generic					
ability	764	Blood Burn	3.8	Rare	Generic					
ability	765	Devil Regeneration	5.9	Epic	Generic					
ability	766	Tower of Babel	5.6	Epic	Generic					
ability	767	Reactive Activation	2.7	Uncommon	Generic					
ability	768	The Camper	4.8	Elite	Generic					
ability	769	Energy Regeneration	3.3	Rare	Generic					
ability	770	Bloody Carthus	2.8	Uncommon	Generic					
ability	771	Monarch's Indifference	3.0	Rare	Generic					
ability	772	Emotion Spectrum	2.4	Uncommon	Generic					
ability	773	Sugar Rush	2.8	Uncommon	MHA					
ability	774	Scarlet Rot	6.4	Legendary	Elden Ring					
ability	775	Path to Love	5.3	Epic	Generic	REF				
ability	776	Path to Victory	9.6	Transcendent	Worm					
ability	777	Spectral Claw	3.7	Rare	Unordinary					
ability	778	Shield	3.6	Rare	Generic					
ability	779	Absolute Barrier	6.5	Legendary	One Piece					
ability	780	Shock Absorption	3.5	Rare	Generic					
ability	781	Hydrogen Manipulation	6.8	Legendary	Generic					
ability	782	Oxygen Manipulation	7.1	Mythical	Generic					
ability	783	Sharpen	3.2	Rare	Generic					
ability	784	Dragon Projection	4.3	Elite	Generic					
ability	785	Hydra Projection	4.7	Elite	MHA					
ability	786	Natural Armory	3.9	Rare	Generic					
ability	787	Unlimited Bladeworks	6.4	Legendary	Fate					
ability	788	Reinforcement	3.3	Rare	Fate					
ability	789	Alteration	3.6	Rare	Fate					
ability	790	Makeover	1.6	Common	Generic					
ability	791	Power to Reject Death	6.5	Legendary	Legendary Moonlight Sculptor					
ability	792	Dead Apostle Ancestor Form	7.6	Mythical	Fate/Tsukihime					
ability	793	Crush	5.8	Epic	Generic					
ability	794	Schrodinger	7.9	Mythical	Hellsing	REF				
ability	795	Catch the Rainbow	2.1	Uncommon	JoJo					
ability	796	Ratio Technique	2.8	Uncommon	Jujutsu Kaisen					
ability	797	Killer Queen	6.1	Legendary	JoJo					
ability	798	Diver Down	4.8	Elite	JoJo					
ability	799	Berserk	4.5	Elite	Generic					
ability	800	Move Mimicry	4.0	Elite	Generic					
ability	801	Clockwork	6.8	Legendary	Generic					
ability	802	Luck Aura	7.7	Mythical	Generic					
ability	803	Lucky Strike	4.3	Elite	Generic					
ability	804	Eye of Discernment	5.0	Epic	Generic					
ability	805	Enchanting	4.3	Elite	Generic					
ability	806	Greater Enchanting	5.3	Epic	Generic					
ability	807	Esper Silence	5.4	Epic	Generic					
ability	808	Flawed Return	5.1	Epic	Generic					
ability	809	Save & Load	9.0	Transcendent	Generic	REF				
ability	810	Xavier	7.7	Mythical	Generic	REF				
ability	811	We Are Network	4.8	Elite	Generic					
ability	812	Gallant	4.6	Elite	Worm					
ability	813	Empathy	2.8	Uncommon	Generic					
ability	814	Heartbreaker	5.8	Epic	Worm					
ability	815	Piloting	5.0	Epic	Generic					
ability	816	Snap Out of It!	3.8	Rare	Generic					
ability	817	Force of Will	4.5	Elite	Generic					
ability	818	Frenzy	3.2	Rare	Generic					
ability	819	Trance	3.7	Rare	Generic					
ability	820	Suggestion	3.9	Rare	Generic					
ability	821	Hypnosis	3.8	Rare	Generic					
ability	822	King of the Castle	5.8	Epic	Generic					
ability	823	Memory Reading	3.8	Rare	Generic					
ability	824	Graviton Tyrant	6.5	Legendary	Generic					
ability	825	Fast Travel	3.6	Rare	Generic					
ability	826	Gaster Blaster	4.0	Elite	Undertale					
ability	827	Kingdom Soul	7.7	Mythical	Generic					
ability	828	Pixie Power	2.7	Uncommon	Generic					
ability	829	Ajin Form	6.8	Legendary	Ajin					
ability	830	Measure King	1.3	Common	Generic					
ability	831	Slip In	1.0	Common	Generic					
ability	832	Normal World	7.1	Mythical	Generic					
ability	833	Nice Guy	7.2	Mythical	Worm	REF				
ability	834	The Imp	7.1	Mythical	Worm					
ability	835	Majin Physique	7.6	Mythical	Dragon Ball					
ability	836	Disaster nature	7.3	Mythical	Jujutsu Kaisen					
ability	837	Shark Physique	2.8	Uncommon	Generic					
ability	838	Octopus Physique	3.2	Rare	Generic					
ability	839	Minotaur	4.7	Elite	Generic					
ability	840	Outgun	2.4	Uncommon	Generic					
ability	841	Capture Token	4.5	Elite	Generic	REF				
ability	844	Crystalline	4.6	Elite	Generic					
ability	845	Crystal Caesar	5.2	Epic	Generic					
ability	846	Weaver	3.0	Rare	Generic					
ability	847	Kirin Physique	4.9	Elite	Monster Hunter					
ability	848	Remember Me?	4.1	Elite	Generic					
ability	849	Sprout	1.2	Common	Generic					
ability	850	Sapling	2.1	Uncommon	Generic					
ability	851	Bloom	3.7	Rare	Generic					
ability	852	Verdance	4.7	Elite	Generic					
ability	853	Overgrowth	5.6	Epic	Generic					
ability	854	Flora	6.4	Legendary	Generic					
ability	855	Gaia	7.3	Mythical	Generic					
ability	856	Spiritual Interaction	2.3	Uncommon	Generic					
ability	857	Bow and Arrow	2.4	Uncommon	Generic					
ability	858	Sharpshooter	3.4	Rare	Generic					
ability	859	Odysseus Draw	4.6	Elite	Generic					
ability	860	Hou Yi's Bow	5.4	Epic	Generic					
ability	861	Artemis' Might	6.1	Legendary	Generic					
ability	862	Bountiful Harvest	1.7	Common	Generic					
ability	863	Orchard	3.8	Rare	Generic					
ability	864	Bone Baron	4.8	Elite	Generic					
ability	865	Summon Item	1.4	Common	Generic					
ability	866	Silk Weaver	3.5	Rare	Generic					
ability	867	Lesser Physical Enhancement	2.5	Uncommon	Generic					
ability	868	Physical Enhancement	3.5	Rare	Generic					
ability	869	Iron Skin	2.4	Uncommon	Generic					
ability	870	Aura	5.9	Epic	RWBY					
ability	871	Alexandria	7.5	Mythical	Worm					
ability	872	Super	4.4	Elite	Generic					
ability	874	Stone Skin	1.8	Common	Generic					
ability	875	Overheat	3.7	Rare	Generic					
ability	876	Frozen Soul	4.1	Elite	Generic					
ability	877	Certainty of Steel	5.7	Epic	Generic					
ability	878	Invulnerable	9.8	Transcendent	Generic					
ability	879	Immortal	9.7	Transcendent	Generic					
ability	880	Exclusion	9.7	Transcendent	Generic					
ability	881	All Fiction	9.9	Transcendent	Medaka Box					
ability	882	Desperation	3.3	Rare	Generic					
ability	883	Masochistic Soul	3.8	Rare	Generic					
ability	884	Sadism	4.6	Elite	Generic					
ability	885	Level Up!	4.7	Elite	Generic					
ability	886	Ogre Form	3.9	Rare	Generic					
ability	887	Bear Form	3.7	Rare	Generic					
ability	888	Threshold Clause	5.8	Epic	Generic					
ability	889	Bloody Survival	5.6	Epic	Generic					
ability	890	Cat Form	2.3	Uncommon	Generic					
ability	891	Bat Form	2.4	Uncommon	Generic					
ability	892	Wolf Form	2.8	Uncommon	Generic					
ability	893	Idle Transfiguration	7.3	Mythical	Jujutsu Kaisen	REF				
ability	894	Fist Projection	3.7	Rare	Generic					
ability	895	Combo	3.5	Rare	Generic					
ability	896	Overdraw	5.9	Epic	Generic					
ability	897	Mystic Eyes of Flaw Perception	6.2	Legendary	Generic					
ability	898	Enhanced Senses	4.1	Elite	Generic					
ability	899	Sixth Sense	4.6	Elite	Generic					
ability	900	Dangersense	3.8	Rare	Generic					
ability	901	Bungee Gum	3.7	Rare	HxH					
ability	902	Material Absorption	4.8	Elite	Ben 10/Marvel					
ability	903	Greater Material Absorption	5.9	Epic	Ben 10/Marvel					
ability	904	Galvanic Mechamorph Form	5.7	Epic	Ben 10					
ability	905	Greater Throw	3.6	Rare	Generic					
ability	906	Launch	4.8	Elite	Generic					
ability	907	Reflection	5.7	Epic	Generic					
ability	908	Blademaster	3.9	Rare	Unordinary					
ability	909	Spear of Justice	4.8	Elite	Undertale					
ability	910	Ripper Mode	4.0	Elite	Metal Gear					
ability	911	Atomic Manipulation	8.9	Divine	Generic					
ability	912	Time Stop	8.3	Divine	Generic					
ability	913	Time Calibration	7.3	Mythical	Generic					
ability	914	Space Manipulation	8.8	Divine	Generic					
ability	915	Adventure Awaits!	6.8	Legendary	Generic					
ability	916	Time God	9.3	Transcendent	Generic					
ability	917	Luck Manipulation	9.7	Transcendent	Generic					
ability	918	Wrath	8.8	Divine	Generic	REF				
ability	919	Sage	4.6	Elite	Slime Tensei					
ability	920	Great Sage	7.5	Mythical	Slime Tensei					
ability	921	Magic Dominion	8.1	Divine	Generic					
ability	922	The Void	8.4	Divine	Generic					
ability	923	Nihil	8.5	Divine	Generic					
ability	924	Open Frenzy	5.5	Epic	Generic					
ability	925	Karmic Enforcement	6.6	Legendary	Generic	REF				
ability	926	Fire Dragon Slayer	6.9	Legendary	Fairy Tail					
ability	927	Water Dragon Slayer	6.5	Legendary	Fairy Tail					
ability	928	Sky Dragon Slayer	7.3	Mythical	Fairy Tail					
ability	929	Poison Dragon Slayer	6.7	Legendary	Fairy Tail					
ability	930	Lightning Dragon Slayer	6.8	Legendary	Fairy Tail					
ability	931	Shadow Dragon Slayer	6.7	Legendary	Fairy Tail					
ability	932	White Dragon Slayer	6.6	Legendary	Fairy Tail					
ability	933	Earth Dragon Slayer	6.7	Legendary	Fairy Tail					
ability	934	Spirit Dragon Slayer	6.6	Legendary	Fairy Tail					
ability	935	Muscular	4.2	Elite	MHA					
ability	936	Rejuvenation	3.6	Rare	Generic					
ability	937	Rise Again	5.5	Epic	Generic					
ability	938	Tinker - The Baker	9.9	Transcendent	Cookie Clicker					
ability	939	Militia	5.2	Epic	Worm					
ability	940	Light Step	3.2	Rare	Generic					
ability	941	Perfection	3.0	Rare	Generic					
ability	942	No Guard	3.8	Rare	Generic					
ability	943	Battle Growth	5.3	Epic	Generic					
ability	944	Blood Portals	3.6	Rare	Generic					
ability	945	Shadowverse	6.6	Legendary	Invincible					
ability	946	Bloody Escalation	6.7	Legendary	Generic					
ability	947	D4C	8.8	Divine	JoJo	REF				
ability	948	Obito's Mangekyo Sharingan Right	6.0	Legendary	Naruto					
ability	949	Obito's Mangekyo Sharingan Left	5.8	Epic	Naruto					
ability	950	Obito's Mangekyo Sharingan	7.0	Mythical	Naruto					
ability	951	Physical Therapy	4.1	Elite	Generic					
ability	952	Tiamat's Gift	6.8	Legendary	Generic	REF				
ability	953	Hands of Time	5.5	Epic	Generic					
ability	954	Shadows of Time	5.3	Epic	Generic					
ability	955	Bloody Lust	6.6	Legendary	Generic					
ability	956	Infernal Engine	4.6	Elite	Generic					
ability	957	Blacklight	7.4	Mythical	Generic					
ability	958	Rule Breaker	6.4	Legendary	Generic	REF				
ability	959	Diamond Draw	5.5	Epic	Generic					
ability	960	Chainsaw Man	6.8	Legendary	Chainsaw Man					
ability	961	Bang!	4.6	Elite	Chainsaw Man					
ability	962	Spatial Displacement	5.1	Epic	Generic					
ability	963	Warp Drive	5.0	Epic	Generic					
ability	964	Form Change	5.5	Epic	Generic					
ability	965	Murder Swarm	3.6	Rare	Generic					
ability	966	Blood Overdrive	3.8	Rare	Generic					
ability	967	Limit Break	5.3	Epic	Generic					
ability	968	Phosphorus	5.3	Epic	Creature Commandos					
ability	969	Restraints and Amplifications	3.0	Rare	Novel's Extra					
ability	970	Power Charge	3.5	Rare	Generic					
ability	971	One For All	6.4	Legendary	MHA					
ability	972	Door Crossing	2.8	Uncommon	Re:Zero					
ability	973	Kraft Works	4.8	Elite	JoJo					
ability	974	Gate Creation	5.6	Epic	Generic					
ability	975	Web Slinger	2.1	Uncommon	Generic					
ability	976	Drake Form	3.2	Rare	Generic					
ability	977	Klyntar Form	6.0	Legendary	Marvel					
ability	978	Psychometry	3.0	Rare	Saiki K.					
ability	979	Aqueduct	2.8	Uncommon	Generic					
ability	980	Marked	2.4	Uncommon	Generic					
ability	981	Teleport	6.2	Legendary	Generic					
ability	982	Shut Down	5.0	Epic	Generic					
ability	983	Stone Free	4.0	Elite	JoJo					
ability	984	Petal Burst	3.4	Rare	RWBY					
ability	985	Grant	4.9	Elite	Generic					
ability	986	Man in the Mirror	4.8	Elite	JoJo	REF				
ability	987	Metallurgy	4.7	Elite	Generic					
ability	988	Metallurge	6.4	Legendary	Generic					
ability	989	Threshold	4.8	Elite	Generic					
ability	990	Building	2.5	Uncommon	Generic					
ability	991	Compass	0.2	Trash	Generic					
ability	992	Prophetic Compass	3.5	Rare	Generic					
ability	993	Tentacled Creature	3.3	Rare	Generic	REF				
ability	994	Madness Wavelength	5.2	Epic	Generic	REF				
ability	995	Time Accel	4.0	Elite	Fate					
ability	996	Divine Blade	5.9	Epic	Generic					
ability	997	Soul Bet	3.0	Rare	JoJo	REF				
ability	998	Martyr	3.9	Rare	Generic					
ability	999	Reroll	3.6	Rare	Generic					
ability	1000	Disillusioned	2.5	Uncommon	Generic					
ability	1001	Piercing Eyes	2.1	Uncommon	Generic					
ability	1002	Dead Bone Pulse	5.2	Epic	Naruto					
ability	1003	All Killing Ash Bones	6.5	Legendary	Naruto					
ability	1004	Prophecise	4.4	Elite	Generic					
ability	1005	Future Observation	5.8	Epic	Generic					
ability	1006	Future Reading	3.2	Rare	Generic					
ability	1007	Future Prediction	3.7	Rare	Generic					
ability	1008	Foresight	3.5	Rare	Generic					
ability	1009	Tinker PvZ	5.2	Epic	Plants vs Zombies					
ability	1010	Labyrinthian	7.1	Mythical	Generic					
ability	1011	Hyper	6.5	Legendary	Generic					
ability	1012	Divinity Healing	8.6	Divine	Generic					
ability	1013	Law of Restoration	7.5	Mythical	Generic					
ability	1014	Inner Isles	5.8	Epic	Generic					
ability	1015	Sea Serpent of the End	7.2	Mythical	DxD					
ability	1016	Gradual Transformation	3.6	Rare	Generic					
ability	1017	Meltdowner	6.1	Legendary	Toaru					
ability	1018	Curse Breaker	3.6	Rare	Generic					
ability	1019	Shatter Curse	5.2	Epic	Generic					
ability	1020	Mystical Eyes of Purity	6.4	Legendary	Generic					
ability	1021	Point of View	2.5	Uncommon	Generic					
ability	1022	Minimap	2.9	Uncommon	Generic					
ability	1023	Megamap	4.4	Elite	Generic					
ability	1024	Loboan Form	4.9	Elite	Ben 10					
ability	1025	Blood Golem	2.5	Uncommon	Fear and Hunger					
ability	1026	Apothecary Physique	5.8	Epic	Generic					
ability	1027	Seraph Tracers	5.0	Epic	Calamity Mod					
ability	1028	Nebula Mantle	3.6	Rare	Terraria/Calamity Mod					
ability	1029	Icarus' Folly	3.5	Rare	Generic					
ability	1030	Bullseye	2.9	Uncommon	Generic					
ability	1031	Perfect Impostor	6.0	Legendary	Generic					
ability	1032	Sticky Icky	0.4	Trash	Generic					
ability	1033	Tinker - Erotics	2.6	Uncommon	Generic					
ability	1034	Shrine	6.1	Legendary	Jujutsu Kaisen					
ability	1035	Imagine Breaker	6.5	Legendary	Toaru					
ability	1036	Sex Manipulation	1.0	Common	Generic					
ability	1037	Genderswap	1.8	Common	Generic	REF				
ability	1038	Deception	3.1	Rare	Generic					
ability	1039	Vainglory	6.4	Legendary	Generic					
ability	1040	Golemancy	5.8	Epic	Generic					
ability	1041	Elemental Sublimation	5.2	Epic	Generic					
ability	1042	Video Travel	4.6	Elite	Generic					
ability	1043	Luck Drain	5.2	Epic	Generic					
ability	1044	Jinx	3.0	Rare	Generic					
ability	1045	Misfortune	4.8	Elite	Generic					
ability	1046	Malus	6.2	Legendary	Generic					
ability	1047	Choosing Fate	8.5	Divine	Generic	REF				
ability	1048	United We Stand	4.6	Elite	Yugioh					
ability	1049	Tinker - Minimisation	3.7	Rare	Generic					
ability	1050	Tinker - Macro	4.1	Elite	Generic					
ability	1051	Tinker - Ecology	3.2	Rare	Generic					
ability	1052	Tinker - Energy	6.0	Legendary	Generic					
ability	1053	Tinker - Industrialisation	3.7	Rare	Generic					
ability	1054	Tinker - Augments	4.5	Elite	Generic					
ability	1055	Tinker - Nanomachines	6.1	Legendary	Generic					
ability	1056	Tinker - Dimensions	8.2	Divine	Generic					
ability	1057	Tinker - Medicine	5.7	Epic	Generic					
ability	1058	Tinker - Destruction	8.0	Divine	Generic					
ability	1059	Tinker - Mind	6.8	Legendary	Generic					
ability	1060	Tinker - Time	7.9	Mythical	Generic					
ability	1061	Aid	1.3	Common	Generic					
ability	1062	Minor Cure	2.4	Uncommon	Generic					
ability	1063	Cure	3.5	Rare	Generic					
ability	1064	Greater Cure Wounds	4.4	Elite	Generic					
ability	1065	Restoration	5.7	Epic	Generic					
ability	1066	Mind Rip	5.6	Epic	Generic					
ability	1067	Cry	0.1	Trash	Generic					
ability	1068	Super Polymerization	5.6	Epic	Yugioh					
ability	1069	Greedy Healing	5.5	Epic	Generic	REF				
ability	1070	Tinker - Gravity	3.5	Rare	Generic					
ability	1071	The Tinkerer	9.4	Transcendent	Worm					
ability	1072	Tinker - One Punch Man	7.7	Mythical	One Punch Man					
ability	1073	Tinker - Scraps	3.0	Rare	Generic					
ability	1074	Tinker - Big MT	6.7	Legendary	Fallout					
ability	1075	Tinker - Kuseno	7.2	Mythical	One Punch Man					
ability	1076	Armageddon Blade	7.2	Mythical	Generic					
ability	1077	Frozen Dawn	7.1	Mythical	Generic					
ability	1078	World Crusher	7.0	Mythical	Generic					
ability	1079	Hulk Out	7.6	Mythical	Marvel	REF				
ability	1080	Garm Physique	6.7	Legendary	God of War					
ability	1081	Ghost Ammunition	2.7	Uncommon	Generic					
ability	1082	Spectre Ammo	3.5	Rare	Generic					
ability	1083	Tinker - Gel	5.7	Epic	Generic					
ability	1084	Tinker - Crystals	6.5	Legendary	Generic					
ability	1085	Tinker - Metallurgy	4.9	Elite	Generic					
ability	1086	Dampener	3.2	Rare	Generic					
ability	1087	Shut Off	4.7	Elite	Generic					
ability	1088	Power Oppression	5.2	Epic	Generic					
ability	1089	Tinker - Vehicles (I)	1.7	Common	Generic					
ability	1090	Tinker - Vehicles (II)	2.6	Uncommon	Generic					
ability	1091	Tinker - Vehicles (IV)	6.7	Legendary	Generic					
ability	1092	Tinker Vehicles (V)	8.3	Divine	Generic					
ability	1093	Tinker - Bio (I)	3.4	Rare	Generic					
ability	1094	Tinker - Bio (II)	5.1	Epic	Generic					
ability	1095	Tinker - Bio (III)	6.4	Legendary	Generic					
ability	1096	Tinker - Bio (IV)	7.8	Mythical	Generic					
ability	1097	Tinker - Bio (V)	8.3	Divine	Generic					
ability	1098	Tinker - Alchemy (I)	2.1	Uncommon	Generic					
ability	1099	Tinker - Alchemy (II)	3.8	Rare	Generic					
ability	1100	Tinker - Alchemy (III)	5.2	Epic	Generic					
ability	1101	Tinker - Alchemy (IV)	6.4	Legendary	Generic					
ability	1102	Tinker - Alchemy (V)	7.8	Mythical	Generic					
ability	1103	Tinker - Augments (I)	1.8	Common	Generic					
ability	1104	Tinker - Augments (II)	2.9	Uncommon	Generic					
ability	1105	Tinker - Augments (III)	4.2	Elite	Generic					
ability	1106	Tinker - Augments (IV)	6.5	Legendary	Generic					
ability	1107	Tinker - Augments (V)	8.2	Divine	Generic					
ability	1108	Tinker - Defence (I)	1.8	Common	Generic					
ability	1109	Tinker - Defence (II)	2.9	Uncommon	Generic					
ability	1110	Tinker - Defence (III)	4.5	Elite	Generic					
ability	1111	Tinker - Defence (IV)	6.4	Legendary	Generic					
ability	1112	Tinker - Defence (V)	8.6	Divine	Generic					
ability	1113	Tinker - Ranged Weapon (I)	1.5	Common	Generic					
ability	1114	Tinker - Ranged Weapon (II)	2.8	Uncommon	Generic					
ability	1115	Tinker - Ranged Weapon (III)	4.7	Elite	Generic					
ability	1116	Tinker - Ranged Weapon (IV)	6.4	Legendary	Generic					
ability	1117	Tinker - Ranged Weapon (V)	8.5	Divine	Generic					
ability	1118	Tinker - Fortification	4.9	Elite	Generic					
ability	1119	Tinker - Resident Evil	6.0	Legendary	Resident Evil					
ability	1120	Tinker - Aperture Science	5.7	Epic	Portal					
ability	1121	Budding	5.8	Epic	Generic					
ability	1122	Tinker - Taimanin	7.0	Mythical	Taimanin					
ability	1123	Tinker - Cosmetics	2.0	Uncommon	Generic					
ability	1124	Tinker - Electricity	6.7	Legendary	Generic					
ability	1125	Tinker - Dungeonmaster	6.5	Legendary	Generic					
ability	1126	Tinker - Sustenance	2.8	Uncommon	Generic					
ability	1127	Mystic Eyes of Depth Perception	0.2	Trash	Generic					
ability	1128	Swiftness	2.4	Uncommon	Generic					
ability	1129	Impact	2.8	Uncommon	Generic					
ability	1130	False Data	2.0	Uncommon	Generic					
ability	1131	Internal Duplication	2.8	Uncommon	Generic					
ability	1132	Tunnel Effect	5.5	Epic	Generic					
ability	1133	Unseen Hand	4.9	Elite	Re:Zero					
ability	1134	Cor Leonis	2.5	Uncommon	Re:Zero					
ability	1135	Return By Death	9.0	Transcendent	Re:Zero					
ability	1136	Conjure Ice	2.1	Uncommon	Generic					
ability	1137	Conjure Rock	2.4	Uncommon	Generic					
ability	1138	Wallmaster	3.7	Rare	Generic					
ability	1139	Swordmaster	4.2	Elite	Generic					
ability	1140	Knighting	5.0	Epic	Generic					
ability	1141	Burden of Servitude	4.8	Elite	Generic					
ability	1142	Greed's Deal	6.6	Legendary	Generic					
ability	1143	Reaper's Voice	5.6	Epic	Generic					
ability	1144	Subtitles	3.0	Rare	Generic					
ability	1145	Tinker - Robotics (I)	2.0	Uncommon	Generic					
ability	1146	Tinker - Robotics (II)	3.8	Rare	Generic					
ability	1147	Tinker - Robotics (III)	4.4	Elite	Generic					
ability	1148	Tinker - Robotics (IV)	6.7	Legendary	Generic					
ability	1149	Tinker - Robotics (V)	8.0	Divine	Generic					
ability	1150	Kudoku	4.9	Elite	Generic					
ability	1151	Cursebed	5.1	Epic	Generic					
ability	1152	Hive Lord	5.7	Epic	Generic					
ability	1153	Hell Flame	3.5	Rare	Generic					
ability	1154	Greater Hell Flame	4.5	Elite	Generic					
ability	1155	Holy Light	3.5	Rare	Generic					
ability	1156	Greater Holy Light	4.5	Elite	Generic					
ability	1157	Star of Change	4.8	Elite	Generic					
ability	1158	Argonaut	5.5	Epic	Danmachi					
ability	1159	Tinker - Vehicles (III)	4.1	Elite	Generic					
ability	1160	Fumofication	5.2	Epic	Generic	REF				
ability	1161	Void Shadow	2.2	Uncommon	Generic					
ability	1162	Void Distortion	5.9	Epic	Generic					
ability	1163	Choices & Choices	4.3	Elite	Generic					
ability	1164	Tinker - Resources	3.6	Rare	Generic					
ability	1165	Fate Draw	3.3	Rare	Generic					
ability	1166	Inanimate Interrogation	3.8	Rare	Generic					
ability	1167	Hustle	1.7	Common	Generic					
ability	1168	Restraint Levels	2.6	Uncommon	Hellsing					
ability	1169	Marionette Grasp	5.2	Epic	Generic					
ability	1170	Edict	4.8	Elite	Generic	REF				
ability	1171	Phantom Sensation	3.3	Rare	Generic	REF				
ability	1172	Mind Blast	2.5	Uncommon	Generic					
ability	1173	Geass - Command	5.4	Epic	Code Geass					
ability	1174	Geass - Memory	5.8	Epic	Code Geass					
ability	1175	Geass - Suspension	6.1	Legendary	Code Geass					
ability	1176	Conjure Lesser Water Elemental	3.8	Rare	Generic					
ability	1177	Conjure Water Elemental	4.5	Elite	Generic					
ability	1178	Conjure Greater Water Elemental	5.6	Epic	Generic					
ability	1179	Conjure Lesser Air Elemental	3.2	Rare	Generic					
ability	1180	Conjure Air Elemental	4.7	Elite	Generic					
ability	1181	Summon Greater Air Elemental	5.8	Epic	Generic					
ability	1182	Summon Lesser Fire Elemental	3.8	Rare	Generic					
ability	1183	Summon Fire Elemental	4.8	Elite	Generic					
ability	1184	Summon Greater Fire Elemental	5.2	Epic	Generic					
ability	1185	Summon Lesser Demon	3.9	Rare	Generic					
ability	1186	Summon Demon	4.9	Elite	Generic					
ability	1187	Summon Fiend	5.9	Epic	Generic					
ability	1188	Summon Archfiend	6.6	Legendary	Generic					
ability	1189	The Gates of Hell	7.1	Mythical	Generic					
ability	1190	Roentgenium Manipulation	0.1	Trash	Generic					
ability	1191	Charon's Bell	4.7	Elite	Generic					
ability	1192	Call to Arms	4.3	Elite	Generic					
ability	1193	Summon Angelic Guardian	3.5	Rare	Generic					
ability	1194	Summon Angel	4.4	Elite	Generic					
ability	1195	Summon Principality	5.4	Epic	Generic					
ability	1196	Summon Dominion	6.7	Legendary	Generic					
ability	1197	Heavenly Gate	7.7	Mythical	Generic					
ability	1198	Familiar Manifestation	2.6	Uncommon	Generic					
ability	1199	Kill Process	7.0	Mythical	Generic	REF				
ability	1200	Elemental Sight	2.1	Uncommon	Generic					
ability	1201	Corpus Weapon	2.6	Uncommon	Generic					
ability	1202	Necrotic Weapon	3.7	Rare	Generic					
ability	1203	Dread Blade	4.6	Elite	Generic					
ability	1204	Gravelords Blade	5.4	Epic	Generic					
ability	1205	Ruin Edge	6.8	Legendary	Generic					
ability	1206	Lesser Animate Undead	3.4	Rare	Generic					
ability	1207	Animate Undead	4.3	Elite	Generic					
ability	1208	Greater Animate Undead	5.5	Epic	Generic					
ability	1209	True Necromancy	6.8	Legendary	Generic					
ability	1210	Exalted Necromancy	7.8	Mythical	Generic					
ability	1211	Divinity Necromancy	8.5	Divine	Generic					
ability	1212	Authority of Death	9.4	Transcendent	Generic					
ability	1213	Divinity Earth	8.4	Divine	Generic					
ability	1214	Divinity Sky	8.6	Divine	Generic					
ability	1215	Tinker - Arcology	4.5	Elite	Generic					
ability	1216	Summon Lesser nature Spirit	3.5	Rare	Generic					
ability	1217	Summon nature Spirit	4.5	Elite	Generic					
ability	1218	Summon Greater nature Spirit	5.5	Epic	Generic					
ability	1219	Mirror World	5.8	Epic	Generic					
ability	1220	Foxfire	3.2	Rare	Generic					
ability	1221	Nine-Tailed Foxfire	4.8	Elite	Generic					
ability	1222	Sunlight	2.7	Uncommon	Generic					
ability	1223	Bamboo Sprout	2.8	Uncommon	Generic					
ability	1224	Vinelash	2.4	Uncommon	Generic					
ability	1225	Leaf Blade	1.6	Common	Generic					
ability	1226	Razor Leaves	3.4	Rare	Generic					
ability	1227	Stun Spore	3.1	Rare	Generic					
ability	1228	Overclock	3.2	Rare	Generic					
ability	1229	Tinker - Redundancy	3.2	Rare	Generic					
ability	1230	Vanish	6.0	Legendary	Generic	REF				
ability	1231	Thermal Vision	0.8	Trash	Generic					
ability	1232	Varied Vision	1.2	Common	Generic					
ability	1233	Bubbling	1.6	Common	Generic					
ability	1234	Lube Dispensation	1.4	Common	Generic					
ability	1235	Rough Knuckle	1.6	Common	Generic					
ability	1236	Light Waltz	1.4	Common	Generic					
ability	1237	Camera Mark	1.2	Common	Generic					
ability	1238	Project Image	1.4	Common	Generic					
ability	1239	Truth Assertion	1.8	Common	Generic					
ability	1240	Sweat	0.5	Trash	Generic					
ability	1241	Black Trial	5.4	Epic	Black Souls					
ability	1242	Smoke Conduit Physiology	5.2	Epic	Infamous					
ability	1243	Neon Conduit Physiology	5.8	Epic	Infamous					
ability	1244	Oil/Napalm Conduit Physiology	4.7	Elite	Infamous					
ability	1245	Ice Conduit Physiology	6.3	Legendary	Infamous					
ability	1246	Concrete Conduit Physiology	5.1	Epic	Infamous					
ability	1247	Lightning Conduit Physiology	6.7	Legendary	Infamous					
ability	1248	Video Conduit Physiology	5.7	Epic	Infamous					
ability	1249	Fight Mode	1.3	Common	Generic					
ability	1250	Induce Lactation	1.5	Common	Generic					
ability	1251	Anchor Back	1.8	Common	Generic					
ability	1252	Adventure Line	2.4	Uncommon	Stanley Parable					
ability	1253	Hormone Regulation	1.6	Common	Generic					
ability	1254	Tanuki's Leaves	3.6	Rare	Generic					
ability	1255	Tonguelash	1.5	Common	Generic					
ability	1256	Meal	2.6	Uncommon	Generic					
ability	1257	Mental Out	6.4	Legendary	Toaru					
ability	1258	Rebake	2.2	Uncommon	Generic					
ability	1259	Rasengan	3.8	Rare	Naruto					
ability	1260	Thought Acceleration	2.6	Uncommon	Fate					
ability	1261	Eros Hide	1.1	Common	Generic					
ability	1262	Caladrious Form	5.1	Epic	Generic					
ability	1263	Envenom	3.2	Rare	Generic					
ability	1264	Sightline	2.5	Uncommon	Generic					
ability	1265	Soul Arrow	1.6	Common	Dark Souls					
ability	1266	Great Soul Arrow	2.3	Uncommon	Dark Souls					
ability	1267	Soul Spear	3.6	Rare	Dark Souls					
ability	1268	Crystal Soul Spear	4.2	Elite	Dark Souls					
ability	1269	Bulk Up	2.6	Uncommon	Generic					
ability	1270	Creation	6.2	Legendary	Generic					
ability	1271	Inner Gate	5.3	Epic	Re:Zero					
ability	1272	Highlight	1.9	Common	Generic					
ability	1273	Bequeath	4.8	Elite	Generic					
ability	1274	Rescale	3.6	Rare	Generic					
ability	1275	Liaison	3.9	Rare	Generic					
ability	1276	Absolute Terror Field	6.1	Legendary	Evangelion					
ability	1277	Challenge	4.6	Elite	Generic					
ability	1278	Dying Will Flame	5.5	Epic	Katekyo Hitman Reborn					
ability	1279	Sky Flames	5.2	Epic	Katekyo Hitman Reborn					
ability	1280	Storm Flames	5.1	Epic	Katekyo Hitman Reborn					
ability	1281	Rain Flames	6.2	Legendary	Katekyo Hitman Reborn					
ability	1282	Sun Flames	6.4	Legendary	Katekyo Hitman Reborn					
ability	1283	Lightning Flames	4.8	Elite	Katekyo Hitman Reborn					
ability	1284	Mist Flames	5.0	Epic	Katekyo Hitman Reborn					
ability	1285	Cloud Flames	7.0	Mythical	Katekyo Hitman Reborn					
ability	1286	Drillmaker	3.7	Rare	Generic					
ability	1287	Bloody Loan	2.8	Uncommon	Generic					
ability	1288	Bloody Savings	5.5	Epic	Generic					
ability	1289	Barbs	2.1	Uncommon	Generic					
ability	1290	Equal Blood	2.9	Uncommon	Generic					
ability	1291	Trial	1.8	Common	Generic					
ability	1292	Inversion	5.6	Epic	Generic					
ability	1293	Lesser Curse	2.9	Uncommon	Generic					
ability	1294	Curse	3.7	Rare	Generic					
ability	1295	Watcher's Curse	3.0	Rare	Generic					
ability	1296	Root	1.6	Common	Generic					
ability	1297	Kamikaze	3.8	Rare	Generic					
ability	1298	Tower Down	5.7	Epic	Generic	REF				
ability	1299	Physical Trauma Response	4.1	Elite	Generic					
ability	1300	Tinker - Mech (I)	2.5	Uncommon	Generic					
ability	1301	Tinker - Mech (II)	4.4	Elite	Generic					
ability	1302	Tinker - Mech (III)	5.8	Epic	Generic					
ability	1303	Tinker - Mech (IV)	7.0	Mythical	Generic					
ability	1304	Tinker - Mech (V)	8.5	Divine	Generic					
ability	1305	Tinker - Hydro	6.1	Legendary	Generic					
ability	1306	Tinker - Aero	6.5	Legendary	Generic					
ability	1307	Tinker - Henshin	5.9	Epic	Generic					
ability	1308	Tinker - Ultrakill	5.8	Epic	Ultrakill					
ability	1309	Pyronite Form	6.1	Legendary	Ben 10					
ability	1310	Ectonurite Form	7.0	Mythical	Ben 10					
ability	1311	Vulpimancer Form	3.0	Rare	Ben 10					
ability	1312	Necrofriggan Form	6.5	Legendary	Ben 10					
ability	1313	Petrosapien Form	6.2	Legendary	Ben 10					
ability	1314	Volann Form	3.1	Rare	Ben 10					
ability	1315	Vaxasaurian Form	4.7	Elite	Ben 10					
ability	1316	Aerophibian Form	6.8	Legendary	Ben 10					
ability	1317	Orishan Form	6.5	Legendary	Ben 10					
ability	1318	Amperi Form	6.2	Legendary	Ben 10					
ability	1319	Florauna Form	6.8	Legendary	Ben 10					
ability	1320	Fusrodah	3.0	Rare	Skyrim					
ability	1321	Comprehensive Recovery	6.2	Legendary	Generic					
ability	1322	Hoard	5.7	Epic	Generic					
ability	1323	Guard	3.6	Rare	Generic					
ability	1324	Greater Guard	5.4	Epic	Generic	REF				
ability	1325	Rampart	6.5	Legendary	Generic					
ability	1326	Slow Lane	5.1	Epic	Generic					
ability	1327	Mystic Eyes of Slowness	6.6	Legendary	Generic					
ability	1328	Mystic Eyes of Transfusion	7.0	Mythical	Generic					
ability	1329	Ram	4.6	Elite	Generic					
ability	1330	God Driver	7.5	Mythical	Generic					
ability	1331	Providence	7.4	Mythical	Generic					
ability	1332	Sing	3.9	Rare	Generic					
ability	1333	Siren's Song	6.4	Legendary	Generic					
ability	1334	Greater Natural Weapons	3.7	Rare	Generic					
ability	1335	Diction	5.5	Epic	Generic					
ability	1336	Chargeback	4.9	Elite	Ultrakill					
ability	1337	Parry	5.2	Epic	Ultrakill					
ability	1338	Deep Dredge	4.1	Elite	Generic					
ability	1339	Abyssal Dredge	6.2	Legendary	Generic					
ability	1340	Ravage of Ryleh	8.0	Divine	Generic					
ability	1341	Acid Rain	3.2	Rare	Generic					
ability	1342	Caustic Storm	4.5	Elite	Generic					
ability	1343	World Melter	6.7	Legendary	Generic					
ability	1344	Acid Cloak	4.2	Elite	Generic					
ability	1345	Solver Slime Form	6.1	Legendary	Generic					
ability	1346	Acid	3.0	Rare	Generic					
ability	1347	Greater Acid	4.6	Elite	Generic					
ability	1348	Melter	5.5	Epic	Generic					
ability	1349	Dissolver	6.4	Legendary	Generic					
ability	1350	Grand Dissolution	7.2	Mythical	Generic	REF				
ability	1351	Sympathetic Link	3.5	Rare	Generic					
ability	1352	Conflagration Emotion	5.4	Epic	Generic					
ability	1353	House of Memories	6.5	Legendary	Generic					
ability	1354	Arid Hell	4.6	Elite	Generic					
ability	1355	Ride on Time	3.5	Rare	Generic					
ability	1356	Force	3.7	Rare	Generic					
ability	1357	Astral Walk	5.0	Epic	Generic					
ability	1358	Grave Buster	3.3	Rare	Generic					
ability	1359	Parthenogenesis	4.3	Elite	Generic					
ability	1360	Morbing	3.0	Rare	Generic					
ability	1361	Flame Bone of the Starving	5.1	Epic	Kagurabachi					
ability	1362	Ganta Gun	2.0	Uncommon	Deadman Wonderland					
ability	1363	Crow Claw	2.6	Uncommon	Deadman Wonderland					
ability	1364	Whip Wing	2.3	Uncommon	Deadman Wonderland					
ability	1365	Blood Fist	3.2	Rare	Deadman Wonderland					
ability	1366	Condor Candle	1.8	Common	Deadman Wonderland					
ability	1367	Owl's Eyeball	3.4	Rare	Deadman Wonderland					
ability	1368	Voljang Form	5.1	Epic	Monster Hunter					
ability	1369	Shogun Ceanatour	4.7	Elite	Monster Hunter					
ability	1370	Lunagaron Form	4.6	Elite	Monster Hunter					
ability	1371	Velkhana Form	6.1	Legendary	Monster Hunter					
ability	1372	Nergigante Form	6.3	Legendary	Monster Hunter					
ability	1373	Amatsu Form	6.5	Legendary	Monster Hunter					
ability	1374	Fatalis Form	7.0	Mythical	Monster Hunter					
ability	1375	Ignis Boost	3.2	Rare	Generic					
ability	1376	Hydro Boost	3.3	Rare	Generic					
ability	1377	Aero Boost	3.4	Rare	Generic					
ability	1378	Terra Boost	3.1	Rare	Generic					
ability	1379	Ten Shadows	6.9	Legendary	Jujutsu Kaisen					
ability	1380	Dash	2.1	Uncommon	Generic					
ability	1381	Focused Strikes	1.9	Common	Generic					
ability	1382	Familiar Arms	3.5	Rare	Generic					
ability	1383	Drifting Mines	3.8	Rare	Generic					
ability	1384	Weapon Mode	2.6	Uncommon	Generic					
ability	1385	Perfect Interface	2.0	Uncommon	Generic					
ability	1386	Adamantine Sealing Chains	5.7	Epic	Naruto					
